귀걸이,나비,귀걸이
태명,넣어,만든,임신,초음파,앨범,꾸미기,주수,스티커
데워만,먹는,고등어,구,이부,먹,찍,먹,간장,소스
컬러,팝,데,일리,인식표
몬스테라,아단,소니,세라믹,행잉,화분,세트
당,일,발송,뭉개뭉,개,꽃,자개,모빌,썬,캐,쳐
프리미엄,퍼퓸
실버,줄,체인,팔찌
가을,말린,장미,스마트,톡
와인,크리스탈,참,크로스,팔찌
당일,발송,유니크,오각,이니셜,각인,커플,목걸이
특별한,미니,명패,명함,꽂이
글리터,그립,톡

스케이트보드,콜리,그레이,반,팔,티셔츠
월특,가무,배구,루미,제트,블랙,물방울,목걸이
프리저,브드,플라워,안개,꽃다발
볼륨,빵빵,하트,더블,링
플립,무,배말랑,베어,파스텔,스트랩,케이스
미니,컬렉션,종,니,치,향수,한번,구입,할,기회
베레모
미니,벽,시계,탁상,시계
시,그,니,처,멀티,포켓,투,웨이,미니,백,가방,에코,백,버킷,백
댄디,로퍼,태닝,브라운,굿이어,웰트
벰,버그,슬릿,미디,스커트,딥,그린
낫또,제,형영,양,농축,타입,속,보습,강화,에센스,세,럼,기원
대전,콩,부각,가지,맛,개입
가성,비,굳,흑,나비,탈,부착,써지,컬,마스크,줄,안경,줄
키치,피치,인형,턱,받이
컬러,써지,컬,스틸,스왈,진주,볼,목걸이
주문,제작,나,만의,캘리그라피,부채,지조,대나무
특,모,달,코튼,남녀,반바지
단,품귀,찌은,침,피어싱,파라오,캣,귀걸이
스트,링,파우치,할로윈,파우치,사탕,파우치
하트,비,스켓,선인장
월,작은,장식,장,선글라스,안경시,계,등
소,가죽,아이보리,앵,클,부츠,나무,무늬,통굽
오,푸드,남원,맛집,국내,산,우거지,오,감자탕
크리스탈,진주,체인,마스크,스트랩
국산,농부,생,깻잎,김치,밥,술술
탄생화,꽃말,목걸이,월월
주,문,제작,면,라벨,컬러,끼움,형세,로
비누,망
버터,바
리아,얇은,화이트,민소매,반,팔,저고리,생활,한복
웨딩,마스크,꽃,자수,마스크
진주,두,줄,시계,팔찌
커플,시계,심플,영롱한,블랙,다이얼,가죽,시계
볼,케이스,구,이태리,명품,베지터블,가죽
할로윈,미니,구,마카롱,답례,품
쌩얼,외출,필수,템톤업,로션,무거운,썬크림
빅,버클,반지
송이,장미,카네이션,비누,꽃다발,프리저,브드,플라워
스마일,데이지,차량,용,석,방향,제,주,차번호판
젤리,병맛,멘트
힐링,감물,마스크,피부,트러블,완화
플라워,캘리,주문,제작,파티,행사,환갑,현수막
귀여운,연필,드로잉
러브,미,프릴,레드,원피스
동글동글,아기,모자,헤어,밴드
곰돌이,카드,지갑
레브바이레브,데,일리,심플,샌들,슬리퍼
글루텐,프리,비건,병아리,콩,쿠키,키키,키
샴페인,골드,글라스,진주,귀걸이,귀,찌
석,채화,금,장,보라,소
주문,제작,커,스텀,쉐이커,키링,스마트,톡
파파,브라운,단,린,북,스탠드
로퍼,대신,골라,신는,한정,가죽
간지,띠,로,제작,하는,토퍼
할로윈,꼬마,유령,방향,제
금,작가,서울,어워드,비누,같은,화장품,우아한,피부,황후,비누
왕관,레이스,실버,반지
생신,용돈,토퍼,케이크
하튜,레터,링,케익,캔들,미니,초
플립,출시,스트랩,체크,패턴,폰,케이스
말풍선,무,소음,벽,시계
전사,인쇄,프리미엄,소주잔
제,구,매,율,이상,단백질,바구니,상한,머리,커트
엘다,원목,스틸,거실,장,미니,책장,단,책장
시,그,니,처,미니,월렛,하드,캔버스,버전
블랙,클러치,백
키링,증정,레트로,버즈,케이스,에어팟,톤,프리
오브젝트,커,스텀,버즈,프로,라이브,에어팟,케이스
사투리,티셔츠,웃긴,티셔츠,쓸모없는,친구
유리,나무,벽,시계,아이비
빈티,청동,색상,너,에게,향,하는,길,가죽,시계,사이즈
닭살,피부,바디,전용,수제,비누
수세미,발,비누
무지개,바구니,방울
라,탄시계,감성,시계,인테리어,시계,집들이
호,접란,토퍼,부모님,생신,환갑,엄마,아빠,케이크
추석,초재,진보,엽전,비누
감성,캠핑,홈파티,소품,할로윈,호박,바구니
공룡,미아,방지,목걸이,팔찌
모듈,소파,테이블,강화유리
출산,꽃잎,턱,받이,종,세트
드로잉,무드등,커플,캠핑,일러스트
프리미엄,섬유,향수,커플,친구
아뮈잔트,착한,성분,프리미엄,룸,섬유,향수
초초,미니,실버,귀,막힘,방지,피어싱,귀걸이
당일,발송,써지,컬,퍼즐,하트,커플,각인,목걸이
멍이뭉,가방,고리
전체,써지,컬,스틸,이니셜,투라,남자,여자,커플,팔찌
고래,자수,수건,타월
버즈,치치,에어팟,프로,케이스
대,박후기,무료,배송,조향사,만든,향,속,최강
심플,천,연,소,가죽,키,케이스
트러블,진정,모,이스트,수,딩,부스터
뫼비우스,미니,이니셜발찌
태명,토퍼,임신,만삭,스냅,소품,아기,토퍼
펀칭,스니커즈,화이트,오,플,커플,슈즈
꾸깃꾸깃,쿠킹,호일,은박,은반지
빈티,스니커즈,버닝
오월,숲,오픈,사계절,천,연,비누
입,행복한,입,양념,게장,캔,매콤,달달,가성,비
퍼프,크롭,슬림,맨,투맨,스웨,트,셔츠,오트밀
주,문,제,작,양,모,펠트,반려견,전,신,제,작,월,예약
실버,찰랑찰랑,팔찌,발찌
하동,수제,매,실액,년,발효,숙성,매실,청
매콤,짭,짤,밥,도둑,청양고추,장물
편백,나무,인형
고양이,장난감,팅커벨
클래식,아코디언,카드,지갑,오드리,빈티
미니,메시지,케이크,토퍼
히어로,인디고,엔젤

전체,써지,컬,목걸이
닌,가죽,꽃,부,토니,진,핑크,브로치
스완,파우치,데님,중,청연,청
블랙,쇼핑,백,원하는,문구
첼시,부츠
베지터블,소,가죽,포켓,반,지갑,블랙,무료,각인
플립,전용,정품,스,스노,잉,베어,레진,케이스
체크,트,똑,딱,모,삔
할로윈,유령의집,세트
백,팩,스트링백,버킷,백
각인,무료,편안한,강아지,목줄,산책,줄
나비,탄생석,귀걸이,귀,찌
실버,미니,볼,스틱,심플,귀걸이
아기,반찬,아기,백김치,비트,깍두기,물김치,빨강,김치
골드,심플,파이프,링,귀걸이
링,라운드,각인,목걸이
상품,토끼풀,클로버,책갈피,독서,모임
센스,스틱,시바,대리,하루,굿나잇
갤럭시,워치,시계,줄,밀레,니,즈,루프,메탈,스트랩,이니,셜,각인
오리궁,뎅,차량,용,석,방향,제,리필
나,만의,이모티콘,써지,컬,뱅글,반지
찰랑찰랑,머릿결,헤어,미스트,플라워,로,즈
잘,써지는,모던,샤프,개,세트
레브바이레브,쥬떼
후기,이벤트,임인년,호랑이,띠,아기,신발
귀요미,콩눈,감성,일러스트
혼밥,간장,순,살,꽃게,장모,듬,순,살
워짓,커피,원,두,맛있는,커피,원두,선택
월,기획전,사랑스러워,아기,논,슬립,핀
써지,컬,스틸,자물쇠,클립,목걸이
큐빅,리스,진주,귀걸이
당일,발송,무광,이니셜,레이저,각인,슬림,커플,팔찌
블랙,비,브람몰,플렉스,화이트,스니커즈,굿이어,웰트
물고기,머리핀,손,뜨,개,강아지,머리핀,실물,갑
리본,핀,종,세트
여밈,가디건,추석,맞이
들꽃,부케,파티,수,동전지갑
천연,가죽,앵글,부츠,가격,이라,구
고양이,강아지,인식표
생활,한복,무지,나그,랑,남녀,공용,저고리,블랙
러블리,레이스,케이프
인형,한복,실크,치마저고리
드라이,로,즈
올라프,인형,꽃다발,졸업식,꽃다발
무배,각인,가능,구루미,블랙,오닉스,하트,목걸이
위안부,기부,후원,실,반지
아뮈잔트,착한,성분,차량,용디,퓨저
월,탄생석,성공,터키석,귀걸이
천,개,돌파,이니셜,하트,목걸이,커플,우정
최우수,작가,상,드림캐쳐,달,무드등,커플
남녀,공용,박,시티,긴,팔,가지,사이즈,컬러
강아지,수제,간식,오리,소,떡봉,오래,먹는,간식
만,원,특,귀걸이,귀,찌,랜덤,박스
쫀득쫄깃앙꼬,절편,종,떡,흰,팥쑥팥,고구마,흑임자
천연,바닐라,시럽,수제,천연,바닐라,빈,시럽
나모,벨라,로,즈,우드,수성,펜
수미,산호,목걸이
포,근,색연필,감성,드로잉
리프,비즈,원,석,안경,목걸이,마스크,고리,끈,마스크,줄
무료,각인,심블,무,소음,탁상,시계
성수동,수제,화,발,편한,뮬블로퍼
제주,유기농,감귤,비누
스톤,함,유리,병,각인,무드등
실버,러브,원,터치,링,귀걸이
성인,아,동,귀,도리,벙거지,모자
흑백,웹툰,캐리커쳐
사랑,불러오는,장미,수정,팔찌
김원,초,솔트,카라멜
오버,솔,스니커즈
성수동,수제,화,브이,컷,라인,펌프스,힐
우드,커피메이커,핸드,드립,스탠드
원목,마스크,걸이,최고급,핸드,메이드,초,자석
일출,더블,미니,컵,바스크,치즈케이크
키위,츄잉껌,글루,올,크런치,슬,라임,촉감,놀이,액괴
스타,일리,쉬,쁘띠,스카프,가을
귀걸이,피어싱,호환,신,박템,얼음,스톤,서브,체인
딱,붙는,블루,하트,써지,컬,스틸,피어싱
멀티,라벤더,글라스,아트,타일,트,레이
알록달록,삑삑,문어,인형,탯줄,인형
고급,템,테이블,센터,피스
그린,약,산성,샴푸,바고,체,샴푸,제로,웨,이스트
환갑,현수막,미니,배너,우리,라는,꽃,탁상,용,일반,배너
우아하게,까메오,앤,틱,스타일,생리대,파우치
신상,하트,리본,그립,스마트,톡
킨코,화이트,오크,원목,의자,원목,좌판
피부,팬티,매일,편안한,팬티
두피,깨,까시,약,산성,창포,캘러스,올인원
예약,잎새,무,소음,벽,시계
브랜드,삼각,스탠드,주,차번호판,친구
노,밀가루,칙피,쇼콜라,카카오,비건,크림,빵,다이어트
키링,증정,레트로,삐삐,버즈,케이스,에어팟,톤,프리
출산,동글동글,체리,선인장,자,수,턱,받이
내,안,감성,회중시계,키링
인디안,썸머,달빛,아래
팜,하우스,스타일,사이드,테이블
컨,추리,인형,새,롬,초롱,핸드폰,가방,장식,인형
깊은,각인,페리,베리,써지,컬,스틸,바,팔찌
러프,다이아,실버,비즈,팔찌
오,알,밀,라,라,탄,스퀘어,뮬
자연,담은,천,연,염색,카라,우주복
안녕,선인장
잡티,스킨,녹차,비타,스킨
오리,목뼈,껌
써지,컬,체인,반지,종,커플,반지,포장
오,베,방문,체족,서비스,일,부지역,실시,톨레도
신규,향,출시,다미,움,라벤더,디,퓨저
병,한정,패션,파인애플,청,수,제청
주문,폭주,쥬얼,글리터,톡,레진,그립,스마트,톡
팥물,팥죽,팥,라떼,한번,멀티,팥,율무,가루
강아지,멀티,트윈,리드,줄
오색,찬란,코리아,버즈,버즈,라이브,버즈,프로,민화,케이스
직접,키워,맛깔나는,전라도,파김치
향기,가득,소국,꽃다발
가지,밑반찬,중,택가
잔골덴,호피,작은,손가방,예쁨
나,꽃밭
한복,입은,분,이분
웨스턴,스웨이드,앵,클,부츠,소,털

수제,생,초콜릿,파베
천연,소,가죽,가죽,팔찌,미스테리,브레이드
석,채화,금,장,흑색,대
월,풍,성,거품,사해,소금,들어간,소금,약속
하트,스탠드,주,차번호판,남자친구,신차
디자인,특허,마스크,홀딩,커버,파우치,모노,체크
그리니,데이지,파우치
코,목,좋아하는,상쾌한,습관,작두,콩차
무배특가번,데,일리,귀걸이,귀,찌,모음
여,성,수제,화,스퀘어,토,양,가죽,통굽
급,아닌,급,파격할인,미리,바로크,목걸이,귀걸이
재구매,높은,어성초,비누,번
이벤트,현관문,스티커,신랑,남편,레터,링,풀,패키지
일,밀,플립,케이스,플립,가죽,케이스,스트랩
화이트,슬립,온,콤비,우먼
유리,병,편지,중,프리저,브드,꽃,편지지,세트
칸,사이즈,수납,장
특별한,편지,이색,타임캡슐,빨간,우체통,시크릿,포스트
반찬,입맛,돋우는,미역,줄기,볶음
하우,올리,바다,캔들,조개,트,레이,세트
순우리말,커플,폰,케이스
스마일,데이지,송,풍구,방향,제,주,차번호판
무배,플립,플립,곰,스마트,톡,폰,케이스
소원,팔찌,실,팔찌
은하수,별똥별,폰,케이스,그리고,그,리다
여행,용,올인원
미니,핸드백,에어팟,버즈,케이스
간식,카스테라,호박,인절미,떡
집중,해,페퍼민트,티백
원,석,진주,팔찌
주문,제작,세레,노,그린,린넨,원피스,맘앤,키즈,원피스
강아지,수제,간식,소,떡,소고기,봉봉
명품,단,원목,초크,케이스,그립
내일,더,가볍게,모과,계피,오늘,비움,차
커플,감성,뿜뿜,대,캘리,상자,할로윈
무지개,구름,곰돌이,핸드폰,그립,톡,종
판매,위,변색,없는,써지,컬,탄생석,목걸이
드리핑,에어팟,케이스,버즈,케이스
각인,무료,무,배써지,컬,스틸,미니,스퀘어,커플,각인,팔찌
랜덤,스마트,톡,증정,그려,낸,꽃,그립,스마트,톡
그린티,약,산성
성수동,수제,화,와이드,골드,포인트,플랫폼,로퍼,블루,그
파이톤,크롬
유아,용,줄누빔,피그먼트,원통,바디,필,로우
셀프,촬영,소품,루치,우드,토퍼,일,돌
남성수,제화,스퀘어,토,첼시,부츠,르망
직접,조,향,향,석,방향,제,리필,오일
마블,대리석,이니셜,카드,포켓,아이폰,폰,케이스
카미노,집업,맨,투맨,블랙
감성,캠핑,캠핑,플롬,우드,박스,테이블
홀로그램,강아지,고양이,리본,화환
토끼,자수,턱,받이
오,리지,널,파운드,게릴라,개,세트,인절미,모카,녹차
나,만의,몽글몽글,프로필,일러스트
무료,배송,생활,방수,컬러풀,에어팟,프로,케이스
실물,같은,시츄,엎드린,자세,인형
사이드,컷팅,화이트,뮬
냄새,없이,쾌적,천연,쪽,염색,여성,드로즈,속,바지
종,고양이,커플,맨,투,맨,후드,티
월,포근포근,겨울,스,크런치,셋트,구성
사랑스러운,파인애플,선인,장괴,마옥,몬스테라,수경,화분,세트
반려동물,일러스트,증명사진,반려동물,캐리커처
팔찌,발찌
입소,문,대박,촉촉,진정,속,보습,알로,듬뿍,수분,크림
지성,트러블,두피,어성초,샴푸
땡큐,아크릴,시계,어버이날,집들이
천연,터키석,데,일리,민트,팔찌
동결,건조,명태,순,살
어,자,녹,샴푸,바,두피,트러블
참,죽,원목,스툴,스틸,의자,스틸,협탁
그리니치,북유럽,린넨,가리개,커튼

팔,각,벽,거울,골드,화이트,마블
간호,사키,링,에어팟,케이스
참,솔향,천,연,향소,나무,향,센스,스틱
커,스텀,소중한,포토,그립,스마트,톡,커플
깜찍,곰젤리,피어싱,개
프랑스,자수,가위,키퍼
색상,추가,보,송이,니트,곱창,밴드,스,크런치
부모님,효도,상품,자연,산,추어탕,팩
도넛,매듭,목걸이,실,목걸이,우정,템
성분,착한,맥주,샴푸,트러블,두피,진정,효과
코듀,로이,스,크런치
해리,엇,광안,블랙,레이디
최우수,작가,자연,성분,플라워,배,쓰,밤,종
포토,마스크,걸이,사진,임택,현관,마스크,보관,가족사진,마그넷
나비,체인,에어팟,케이스
휴대,용,숙성,밀크,솝
플랩,에프,해리,더비
생활,한복,러블리,살구꽃,철릭,원피스,개량,한복
블루,그린,플루,피,슬릿,롱,코트
할로윈,고스트,캔들
리뉴얼,매력,있는,탄생석,체인,반지
무,배구,루미,트윙클,써클,목걸이,실버
사각,사이드,테이블
용돈,봉투,어버이날,프리저,버드,용돈,봉투,미니,꽃다발,봉투
자작나무,에어컨,배관,커버,시계
퓨어,린넨,타탄체크,태슬,블랭킷,옐로우,블루
김원,초,호기,다크,초콜릿
탄생화,목걸이
동백꽃,스트링,파우치
룰루,곰돌이,이니,셜,파우치
통,담은,숙성,모,둠,장아찌,수제,반찬
기쁨,주는,분홍,리스
나이키,리메이크,맨,투맨,커,스텀,메이드
입점,레몬,케이크,세트,구,순차,배송
빅사,이즈미,니,간판,무드등,개업,무료,각인,이벤트
아이폰,추가,무배,홀로그램,곰돌이,폰,케이스,스트랩
나비,보석,반,굵은체,선택,가능
큐빅,체인,시리즈,써지,컬,귀걸이,피어싱
곰곰,이키,링
겨울,베이직,시크,앵,클,부츠
율팥,숙성,비누
키링,추가,키치,베어,이니셜,에어팟,버즈,케이스
집들이,양귀비,드림캐쳐
피부,결,좋아져요,스킨,처음,로션
주간,계획,만년,형
달이,뜨다,두번째,고양이,달,자수,파우치
해피,버블,박스,돌잔치,백일,포토,존,케이크,스탠드
월,커,스텀,자수,하네스,형
무료,배송,손,뜨,개,안개꽃,카드,지갑
라이트,드레스,패드,일체,형,노,브라,원피스,모,달,홈웨어
어프,레쉬,레이드,퓨어,플레이,휴대,용,손소독,겔,손소독제
간식,맛보기,세트
무,소음,도자기,시계,피아노
향기,대박,섬유,향수,커플,퇴사
생활,한복,허리,치마,벚꽃,치마,그레이,핑크
참,죽,원목,모니터,받침,대,컴퓨터,받침,대,모니터
신,상자,개,나비,팔찌,발찌
성수동,수제,화,와이드,몰드,베이직,화이트,스니커즈
아가,일,체크,폰,케이스,커플,그립,스마트,톡
대리석,케이스,카드,포켓,부모님
무료,각인,취업,메탈,스킨,명함,카드
민트,그레이,버건디,화이트,파스텔,망태기,가방
송아지,목뼈,약,강아지,수제,간식,천,연,뼈껌,개껌,대형
출고,상,시,브라우니
재,오픈,아기,화환,속닥속닥,할말이,있어요
무,배은,침,봄의왈츠,나비,귀걸이,귀,찌
츄,밴드,아,기,위,그,밴드
단독,플라워,트,위드,재킷
꽃,활짝,어깨,복부,용,팥,찜질,팩,일체,형,분리,형,선택,가능
성수동,수제,화,여성,워싱,소,가죽,하프,부츠
화제,셀룰라이트,크림,프랑스,특허성,분,함유
폭발,실버,궁,중,시리즈,귀걸이,랜덤,박스
랜덤,스마트,톡,증정,색,변경,가능,마티,에르,그립,스마트,톡
미니,팝,하트,귀걸이,피어싱
커플,무료,배송,스팽,글,쿠션
천연,염색,원피스,예루살렘,해바라기

쌍,화차,감기,야물,럿거,라,쌍,화청,약도,라,지배,쌍,화청
치실,장난감,파인애플,로프,토이
월,이벤트,풍선,레터,링,헬륨,풍선
다알리아,꽃,풍선,꽃다발,부모님,반전,용돈
진도,산골,농장,직송,비트,사과,당근,즙,주스
시원한,크리스탈,서리,꽃,귀걸이,귀,찌
순,수,팥차,티백,차
리슬,심플,여우비,체크,무늬,반,팔,저고리,그레이
월,귀걸이,장미,귀걸이
입점,투명한,느낌,수채화,초상화
미니,펄,너,컨츠,담수,진주,피어싱
별,주,차번호판,남자친구,신차
홀로그램,쉐이커,키링,스마트,톡
나이트,블로썸,따뜻한,색,블루,로브랩,원피스
프리저,브드,수국,리스
더치커피,디카,페인,콜드,브루,대,용량,더치,원,액
초콜릿,가나,슈크림,무색,소,마카롱
디앤,나잇,천연,생활,삼베,비누,망제,로,플라스틱
우유,껌
보들보들,클라시코,로퍼
손쉽게,끓여지는,우거지,국,간편,우거지,팩,팩
폼,클렌저
하트,용돈,토퍼,반전,토퍼,환갑,토퍼
파티,햇,파티,모자,고깔,모자,커,스텀,파티,햇
스칸,디아,모스,자작나무,화분
들깨,소,불고기,전골,쿠킹,박스,인분
데이지꽃,파우치
콩알,콩알,귀,여,움,주의,반지
원목,미니,주방,선반,형
익투스,스퀘어,반지
안,뚫는,귀걸이,미르,체인,드롭,귀,찌,이어,커프
가죽,이니,셜,각인,카드,명함,지갑
직접,갈아서,담은,석류,즙
커플,웃긴,무료,배송,바디,필,로우
써지,컬,십자가,마스크,스트랩,안경,줄
잘,지워지는,연필,모양,임지우,개,개,세트
애플,워치,갤럭시,스퀘어,버클,앱송,라벤더,스트랩
현재,소중함을,담는,캐리커쳐
팔레,뜨아,부티크,복조리,숄더백
데빌,첼시,부츠,블랙
시원한,청대,쿨링,샤워,바,멘톨,비누
두루,두루,원,석,매듭,팔찌
만완판,조향사,만든,섬유,향수
써지,컬,마스크,스트랩,안경,줄
무료,배송,레터,링,케이크,석,방향,제
바다,쉬폰,포스터
피어,오르다,귀걸이
하트,플라워,토끼,헤어,핀
밧줄,회전,실버,링고,급,착색,버전
할로윈데이,간식,포장,스티커
화이트,오크,원목,화장,대,서랍,장,거울,스툴
차량,용,포토,클립
양면,일러스트,키링,드로잉,키링
특,가종은,침데,일리,롱,드롭,귀걸이,귀,찌
동물농장,쉐이커,키링,그립,스마트,톡
화관,데이지꽃,백일,돌,일,일,토퍼
캐릭터,어린이집,고리,수건
단독,레이어,드링,실,반지,종
곰돌이,버즈,라이브,케이스,곰돌이,키링,갤럭시,버즈,케이스,버즈
자작나무,무,소음,시계
복실복실,백설기,스틱,오뎅,꼬치,고양이,장난감
인도,마노,팔찌,특,건강,행운,의미,있는
실버,천,연,탄생석,데,일리,반지
추석,납골당,미니,꽃다발,프리져,브드,베이직,타입
강아지,오줌,방수,패드,매트
그릭,데이,꾸,덕,라이트
메세지,비누
심플,무지,호보,백,에코,백
민,무늬,공간,박스
레트로,체리,카라,강아지,고양이,목걸이,인식표
용돈,토퍼,용돈,박스,환갑,이벤트,자유,문구
쌀,포대,봉투,용돈,봉투,환갑,생신,커플,부모님
수,제청,답례,품,패션후르츠,청,청귤청
초특,귀걸이,랜덤,박스,만원
년,호랭이,텀블러,백,드,링크,파우치
수능,수능,마카롱,수능,마카롱,세트
브이,넥티,아이보리,인형,옷,입니다
주문,폭주,트,위드,아이패드,노트북,갤탭,도톰,파우치
강아지,간식,오리,오돌오돌,뼈
신상,써지,컬,하트,스마일,귀요미,팔찌
자유,문구,우드,버닝,키링,열,쇠고리
자작나무,미니,자,석,액자,냉장고,액자
커플,종,갤럭시,워치,애플,워치,곱창,스트랩
군학,십장생도,허리,치마
아동,방수,앞치마,두건,토시,세트
테라,꽃,무늬,시계
아,멜,리,도트,리본,펌프스,힐,슬링,백,힐
반전,플라워,용돈,박스,현금,이벤트,부모님,현금
병,한정,새,콤달콤,패션,애플,망고,청,수,제청
답례,품,단체,간식,미니,초코,퐁당,와플,단체
주,문,제,작,핑크,블라썸,슈퍼,싱글
소,창,면,주머니,면,보수건,행주,단,품
요즘,실버,엔,틱,플라워,반지
월,솜사탕,큐브,이니셜,쪽쪽이,클립
생신,토퍼,환갑,토퍼,칠,순,팔,순,부모님,당신,세월
베스트셀러,떡,지지,않고,찰랑거리는,퍼퓸,헤어,미스트
강아지,큐브,케이크
심플,포인트,지갑,스트라이프
골드,토르말린,원,석,마스크,스트랩,목걸이,안경,줄
팔각,화병
행운,플루,크,행운,부르는,라피스라줄리,매듭,팔찌

빈티,가죽,시계,이번,엔,너,야
월,딸기,복숭아,카드,지갑
비피,원액,퍼팩트앰,플토,너
무료,배송,카드,수납,그라데이션,더블,곰돌이,키링,케이스

문구,삽입,스토리,레이져,탁상,시계
반려동물,초상화,스티커,장,세트
아이디,어스,단독,특,랜덤,책갈피
설레는,봄,하바,리움,무드등
슈퍼,푸드,케일,주스,병
인테리어,무,소음,콘크리트,패턴,벽,걸이,시계
반려동물,반지
탈모,토닉,블루,블루,밍스칼프,토닉
한국,전통,호랑이,폰,케이스,후기,폴드,플립
몽크,스트랩,데,일리,미러,에디,션
스승의날,카네이션,코사지
월넛,밥주걱
핑크,베이비,토끼,모녀,간식,타임,파우치
주문,폭주,순우리말,돌,반지,보관,함,정리,함,보석,함
뜨,개,모,지갑
침,수정,염주,단주
아이스,스텔라,귀걸이,피어싱
천연,세안,모공,약,산성,트러블,코코넛,바나나,클렌징폼
린넨,끈,조절,스토퍼,마스크,목걸이,스트랩
통통,카드,지갑,체크,우유
드로잉,일러스트,캐리커쳐,액자
스티커,노트북,스티커
플라워,샤워,슬링,백
엄마,손맛,수제,총각,알,타리,김치
꽃,풍선,카네이션,꽃,풍선,핑크,꽃,풍선,부모님,생신,효자,템
오,푸드,남원,맛집,국내,산,쌀뜨물,오,시래기,국
이태리,부테로,레더,슬림,명함,지갑
코코넛,파인애플,파인,코코,조림,파인,조림
유화,가리,실버,블랙,체인,반지,행사
사이즈,업,시나몬,편백,유칼립투스,포,푸리
의미,있는,원,석,가죽,팔찌
주문,폭주,컬러,레트로,도트,카드,포켓,폰,케이스
세트,골프공,구,세트
체크,카라,크롭,맨,투,맨,블랙,파스텔,블루
두,개,셋,트룸,미러,차량,용,방향,제
엘다,원목,사이드,테이블,블랙,스틸
진주,꽃,뜨,개,동전지갑
엄마,편한,아기,목걸이,마스크,새,부리,형,베이비,영유,아
천연,자개,동양,탄생화,매듭,팔찌
얼굴,캔들,친구,캔들,쓸데없는,유,퀴즈,캔들
꼬북,에어팟,버즈,뜨,개,케이스
구매,추가,깐,양념,새우,장
인물,포토,폰,케이스,그립,스마트,톡,커플
버섯,놀이,옷
사각,소반,스타일,모던,소반
똑띠,현금카드,지갑
그냥,쓱,쓰기,만하,면,터틀넥,되는,넥워머
커플,포토,타일,자석
초실,가죽나무,믹스,매듭,팔찌
보나,츠,테디,미아,방지,팔찌,발찌
끊어지지,않는,하네스,인식표
짜지,않은,백,명란
플립,가능,스트랩,케이스,폰,케이스
일상,한복,허리,치마,린넨,덧,치마,갈래,치마
미니어처,소품,미니,미술,세트,젤,명화
어린이,자초,립밤,핸드,클리,너,세트
플라이트,윙,쇼파,테이블
나,만,신고,싶은,커,스텀,샌들
보라,보라,해,써지,컬,마스크,목걸이,스트랩,줄
에어팟,버즈,케이스,여름,토실이
성,수,수제,화,클래식,로퍼,미,힐
라이닝,레터,링,은반지
예약,할로윈데이,시즌,수제,캔디
웨딩,결혼,답례,품,스티커,주문,제작
로션
무배,각인,써지,컬,커플,우정,버클,팔찌
달록,에어팟,버즈,케이스
캠핑,용,오크,휴지,걸이,버전,간단,모드
실,버브,릴리언,트,가넷,진주,목걸이
일체,형,단,파,올라,레이나,신발장,인형,신발,장가구
할로윈데이,스티커,답례
하트,젬,스톤,오브,제,비누
일출,바삭,고소,달달,대박,크,럼블,바
입점,찬스,갑세가지
네모,장,지갑,파우치
차,오픈,유아,필수품,도트,목,스카프
드로잉,코튼,남친,룩,남자,남방,오,버핏,셔츠,코디,셋트
실버,타이,니,링,귀걸이
흙,만,지는,남자,수제,토분,블랙,키,작은,까,망토,분
라,즐리표,미니,초코,다쿠아즈
자작나무,원목,로스,카페,티,테이블
무료,배송,프린세스다이어리,키캡
천,연,소,가죽,핸디,노트,커버
스팡
하츠,스티치,크로스,백
히트,히트,사은,품,증정,통영,어리,굴젓
프로필,폰,배경화면,심플,캐리커쳐,라인,드로잉
타,미,소,가죽,시계,남녀,커플
매일,담근,엄마,파김치,국내,산,고춧가루
끝,까지,아,삭,알,타리,김치
갤럭시,워치,액티브,슬림,방수,가죽,스트랩
생화,꽃다발,만원의행복,꽃다발,랜덤,꽃,계절,꽃다발
실버,체인,팔찌
미니,오리,마들렌,개,세트,스티커,무료
벨벳,핸드백,에어팟,버즈,케이스
강아지,인식표,목걸이,로,즈,골드,컬러,볼,체인
행운,네잎클로버,그립,스마트,톡
진주,알,캔들
영문,레터,링,이니셜,자수,손수건,커플,가을
클리어,런스,포인트,라인,가디건
한우,분리,불안,스틱,오래,먹는,간식
무배,여리,빛,하늘,목걸이,전체,써지,컬
주년,특,유니온,글로리,어스,아이보리,남자,나무,시계
예민,민감,피부,삼백초,티,트리,수분크림
수제,답례,쿠키,일,순,차출,몽실몽실한,몽스,쿠키
비브람,아웃,솔,소,가죽,스니커즈
밤하늘,반짝,별자리,이니셜,각인,버즈,에어팟,케이스
강아지,수제,베이커리,간식,고구마,붕어빵
단독,로트,르,드민,시,그니,쳐,데님,퀄리티
미니,스,크런치,곱창,끈
사진,드로잉,생화,킹스턴,미니,장미,꽃다발
귀여운,미니,사리엘,색동,인형,한복
번,나눠,먹는,캠핑,용,된장
버블,나비,레진,에어팟,케이스,버즈,케이스
앤,틱,민소매,원피스
퇴직,입체,크리스탈,액자
흔들,흔들,슈슈,스프링,개
루로하,플립,가죽,스트랩,케이스
월,저,알러지,양,부채,뼈,강아지,간식
칼칼하고,시원한,맛,포기,김치
캘리그라피,도장,귀염,심플,몽글몽글
체리나무,강아지,인식표
플립,케이스,골드,하트
입점,손,뜨,개,심플,카드,지갑,데이지,키링,옵션
맞춤,제작,실링,왁스,도장,다양한,사이즈
커,스텀,키치,피치,브릿지,베어,인형
입점,호두,가득,파이,세트,순차,배송
팁,브라운,샤인,더비,굿이어,웰트
한정,수량,촉촉한,해초,비누
문구,무료,휴대폰,사진,인화,비,규격
유니콘,머랭,쿠키,슬,라임,액괴,액체,괴물
고급,사,피아노,소,가죽,전기,종,지갑,형,핸드폰,케이스
꽃,냥,꽃멍
가을,잔꽃,골덴,손목,가방
미니,사진,컷
마르카,토기,본,블로퍼,남녀,공용
전체,콜,크,인솔,남성,용,높이,감,없음
집들이,아크릴,화병,라운드
패디,가능,단색,원,칼라,기획전
인형,꽃,스마일,꽃,비누,장미,꽃다발
레터,링,도시락,케이크
현관,욕실,붙이는,방향,제
밀크,구미,라벨,키링
마음,옮겨,드립니다,손글씨,대필
토,퍼머,리핀,안테나,머리핀,토퍼핀,자유,문구
베베,라,온,오가,닉,유기농,애착,인형,미
스톤,로,즈,쁘띠,스카프,가을
실버,물방울,드롭,후크,고리,귀걸이
육즙,가득,통통,깻잎,전
마치,현,쇠비름,비누
카라멜,넛츠,칙피뱅,게릴라,병아리,콩,르뱅,쿠키
자수,극세사,블랭킷,민트,체리,레드,체리
모듈,미니,선반
각인,가능,고등학생,대학생,중학생,가죽,필통,파우치
봄봄,써지,컬,꽃,반지,컬러
이태리,패션쇼,찍찍,구두
방향,선택,가능,할로윈,블러드,꼬리,집게,핀
심플,매듭,팔찌
써지,컬,레터,링,이니,셜,각인,팔찌
진,스트릿,한복,셔츠,조거,팬츠,블랙
디어,문,네온사인,주문,제작
사이즈,출시,핸드폰,파우치,국민,파우치
황금,똥빵,소담,백,통밀,빵
최우수,작가,시즌,한정,우주,배,쓰,밤,종
끈,바꿔,앞치마
뜨,개,동물,키링
벨리시,모,디,퓨저,인테리어,실내,방향,제
도토리,다람쥐,토,피어리
복조리,에코,백,보,키백,한글
뼈,쥐포,농부,고추,장조림,중독,반찬
데빌,아톰,도깨비
휴대,용,알토,이즈,도자기,팔레트
정,래,윤,오늘,반찬,일주일,알뜰,반찬,세트
색바램,구김,발,수력,피크닉,매트
반,팔,트,위드,원피스,블랙
초인종,현관문,아기,자고,있어요,택배,팻말,스티커
해리,엇,광안,메쉬,실버
오로라,곰돌이,버즈,버즈,프로,투명,케이스
항공사,유니폼,에어팟,케이스,에어팟,프로,케이스
개,판매,돌파,뱀,반지
박카스,스티커,라벨,이벤트,추석
예쁜,구두,하나,하고싶은,날
당일,제작,파티,밍,랜드
디퍼런트,우븐,바람막이,자켓,출고,가능
틈새,쏙,들어가는,침대,협탁,보조,테이블
우아,세련,미니,볼,포인트,펜던트,진주,목걸이,초,커
에센셜,오,버핏,맨,투맨
깜짝,비즈,반,실,반,우정반지
플랩,에프,매디슨,팁,더비
오,구당,당,만능,다슬기,된장
낭만,고양이,우드,포스터,인테리어,집들이
빈티,원,석,비즈,체인,토글바,팔찌
귀걸이,피어싱,인어공주,위,하여
이니셜,거즈,스카프,빕
반지
주문,제작,반려동물,컷,일러스트,고양이,강아지,머그컵
갓,졸,여,바로,먹는,명태,순,살,조림,밀,키트,반찬
레터,링,풍선,최저,공기,주입,헬륨,완제,품
새,콤달콤,레몬,오렌지,청,수,제청
일러스트,드로잉,캐리커쳐
감성,캠핑,더,쉐프
피아노,치는,사과,농부,사과,민트,식초
도토리,나,무도장
무,배써지,컬,자개,오닉스,바,커플,목걸이
애플,워치,갤럭시,스퀘어,버클,앱송,아몬드,오일,스트랩
실버,세컨,귓바퀴,미니,원,터치,귀걸이,종
핸드,메이드,무,소음,벽,시계
인스타,포토,무드등,커플,집들이,특별한
차량,용,방향,제,원목,액자,마스크,걸이
무배,탄생석,써지,컬,팔찌,발찌
이니셜,써지,컬,스틸,팔찌,커플,우정
아동,미니,플라워,원피스
파,올라,레이나,인형,옷,민소매,프릴,드레스,피나,포어
주,문,폭주,달콤,향기,투톤,장미,비누,꽃다발,커플
꿀,빠진,카렌,듈,라,비누
삼나무,원목,벽,걸이,티슈,케이스
아네모네,동전,카드,지갑
토퍼,케이크,토퍼,이벤트
온도,담은,룸패,브릭,미스트,섬유,향수
병,한정,레몬,생강,청,수,제청
카네이션,꽃다발,한송이
미백,뽀샤시글루,타치,온,진주,비누
진한,콩국,서리,태,콩물,국산
두,툼,바삭,인생,존맛,찹쌀,김,부각
민감,성,속,보습,미백,주름,개선,제주,심오한,동,백,크림
클리어,런스,브이넥,월계관,스트라이프,니트,네이비
공,증명,아트,핑,샤샤,스카프,모음
손잡아줄게,위안부,할머니,그린,나래,후원,반지
방수,스티커,꾸밈,형,어린이집,이름,주문,제작
레이저,각인,탁상,거울,고맙,시유
석,채화,흑,장,민트,소
플라워,슈,즈,클립,손,뜨,개아기,덧신
할로윈,머랭,쿠키,할로윈
오가,닉,면,반,팔,티셔츠
플립,까,멜,리아,폰,케이스
센트,소이,캔들
로지,일체,형,낮잠,이불
타로카드,형,탄생화,일러스트
금돌캣,호박벌,리필,형,장난감
테디베어
혼합,구성,쿠키,가지,맛
풀꽃,팔찌
가을,맞이,원두,커피
커,스텀,카톡,테마
커플,써지,컬,스틸,뱀줄,체인,마스크,스트랩
단독
아이폰,글리터,레진,핸드폰,케이스
전기,종,그립,스마트,톡,레터,링,폰,케이스,갤럭시,아이폰
마르,카토,스니커즈
베이비돌,원피스
뜨,개,공룡,인형
메리,골드,삼각,티백
커플,쿠폰
유아,입체,마스크
달이,뜨다,강아지,고양이,달자,수,에코,백
딸기,부케,리얼,딸기,조각장,미히,비,스커스
성수동,수제,화,라,탄,화이트,슬링,백,힐
용목,느티,내츄럴,시계
청옥,나뭇잎,귀걸이
하이,르밍,오가,닉,인형,건강하소,행복하소,소복소복
당신,슬픔,꽃,될,때
코앤크릿,페니,로,퍼,탄
신상,실버,치우천왕,팬던트
고려청자,에어팟,프로,케이스,국립박물관,서버,다운
월넛,수저,세트
와일드,비브람,굿이어,웰트,블랙
고무나무,원목,이동식,행거
단독,뮤즈,하프,팬츠,레드
무배,볼드,원,터치,링,귀걸이,실버
미니,에코,백
그릭,데이,꾸,덕,그릭,요거트,라이트,개
클라시코,웨스턴,부츠
병아리,에어팟,프로,케이스
블랙,체크,스웨이드,벨벳,카드,지갑
터지지,않는,곰인형,풍선,꽃다발
개성,주악,세트,일,발송,분,예약
핸드폰,수납,데,일리,크로스,미니,에코,백,탄탄,텀블러,백
가죽,명함,지갑,방방
각인,무료,베이직,수,공,예,커플,시계
할말있어요,레터,링,말풍선,슈트,실내,복
어린이,용,세,칸,접시
옐로,그린,테디베어
패,브릭,북커버,북,파우치
마이,버킷리스트,보조,배터리
사은,품,도트,하트,귀걸이
천,연,소,가죽,용돈,지갑
이담,꽃사슴,디,퓨저
배,도라지,대추,생강,청,부모님
월,실버,바,담수,진주,목걸이
주년특,에버래스팅,엔,드,리스,오션,여자,나,무시,계
디카,페인,제거,더치커피,원,액,답례,품
블러드,셀,블랙,앤,화이트,실버,가드,링
오가,닉,빅사,이즈,토순,수면,인형
키치,투명,폰,케이스,플립,아이폰
자체,제작,삼베,비누,망,비누,망,비누,파우치
젝,스페,로우,로퍼,라이트,브라운
블랙,프레임,미니,테이블
페더,링,피어싱,귀걸이,귀,찌
블루,레몬에이드,슬,라임,헤스페리데스,향
유아,마스크,스랩,디즈니,시리즈,마스크,스트랩,종택
댕댕,인식표,펜던트,목걸이
무배,비즈,꽃,팔찌,탄,비즈,실,반지
애플,워치,슬림,방수,가죽,스트랩,밴드
첫돌,자수,답례,품,고급,타,올,장
청순,여신,실버,큐빅,체인,투핀,드롭,이어,커프
벨,앤봉,짝궁,부엉이,마크,라,메
월특,발등,감싸는,오픈,플랫,샌들
월,자몽,약,산성,샴푸,바,헤어,바디
몬,에뚜왈,아로마,별자리,향수
후기,판매량,등,손,쏙,섬유,향수
시트,린,금빛,모래,육,각,반지
캘리그라피,포장,상자,커플
저,칼로리,자일로스,설탕,수,제청,종
월,소스,증정,무,항생제,등심,두툼,돈까스
코,관리,청비,코밤
수능,버터,누나,머랭,쿠키,종
별자리,소원,실,팔찌,발찌,단색,무드
맞춤,제작,린넨,멜빵,원피스,탈,부착
이벤트,명품,니,치,향수,커플
멀,바,우,원목,민판,헤드,평상,형,주문,제작,침대
신혼,집들이,타일,사이드,테이블,이케아,수르,나달,협탁
감사,마음,담아,카네이션,비누
후기,개,감사합니다,메세지,무드등
반려견,산책,가방,강아지,자수,가방,반려견,주,가방
탁상,용,원목,시계,큐브
월,써지,컬,로,즈,골드,두,줄,팔찌,발찌
일,순차,발송,수제,과일,청
능소화,린넨,동전,카드,지갑
노랑,장미,프릴,원피스
사,카리바,티
치,이즈,피자,순위,위,화덕,피자
오,베,방문,체족,서비스,일,부지역,실시,얀톤
방향,선택,가능,보들보들,곰돌이,헤어,핀
쥬드,담수,진주,피어싱
햄버거,뜨,개,장난감
라,뮤,벨벳,부츠,블랙
엘다,원목,스틸,장식,장,책장,인테리어,가구
참,죽,원목,무,헤드,평상,형,주문,제작,침대
커팅,와이드,팬츠,그레이
해외,작품,태국,티크,우드,레진,펜던트,물방울
무배,여,친선,물가,색상,써지,컬꽃밭,에서,목걸이
스마일,데이지,꽃,차량,용,석,방향,제,주,차번호판
아카시아,통나무,시계
옥,마루,미니어쳐
벨리,보틀,여름,실리콘,탯줄,보틀
실버,레터,링,각인,반지
외출,시,유용,강아지,노,즈,워,크,댕댕,휴지,장난감
사랑,내일,커플,버킷리스트,노트,가지,미션
베스트셀러,왕새우,새우전
두피,쿨링,탈모,완화,멘톨,편백,페퍼민트,샴푸
골프,요술,지갑
무료,각인,귀염,뽀짝,나무,책갈피
주,문,제,작,나,만의,네온사인,캔버스
당일,출고,장미,꽃,곰돌이,곰인형,꽃다발
저,염,간장,으로만,든,연어,장
아낌없이,듬뿍,담은,수제,망고,요거트
국화,반지,소,원,반,실,반지,마디,반지
주,문,제,작,별자리,커플,반,팔,티셔츠
실버,볼드,각,줄,유화,발찌,팔찌
후기,이벤트,감성,반려동물,초상화,실사,느낌
빠른,배송,프로포즈,이벤트,문구,대형,패,브릭,포스터
진짜,과일,듬뿍,사탕
실버,추가,폭발,원형,큐빅,레이어,드,목걸이
현대인,화장실,에티켓,해우소,꽃
나도,풍란,대,엽,풍란,수경재배,세트
호안,석,원,석,팔찌
하프,집업,플라워,아노락,원피스,핑크,블랙
생신,케이크,토퍼
꿀,반죽,부드럽게,쫀득,구,움,과자,찹쌀,말
별,이름,수제,도장,구,성품,무료
프롬,유,이니셜,카드,지갑,스트랩,리뉴얼
로얄,블루,슬,라임,액체,괴물,액괴,개강,개학,식
직접,키운전라도,겉절이,맛김치,김장,김치,배추김치
휴대,용,비누,답례,품,사은,품,스티커,무료
쿠키,슈
당근,가방
각인,무료,잡은,손,놓지,않을게,실버,커플,반지
주니어,레터,링,에어팟,버즈,케이스,커플
제철,음식,맛있는,비빔밥,용,모,듬,나물,반찬,종
월,커피,큐브,스크럽,비누
비누,꽃,미니,화환,리본,백,증정,개업,승진,용돈,화환
아기,김치,종,아기,깍두기,백김치,아기,반찬
월,벌교,꼬막,비빔,무침,간장,매콤,수,제,해물,반찬
수줍은,진주,씨
블랙,로,즈,흑장미,한송이,프리저,브드
수,제청,블루베리,우유,수,제청,눈,좋은,블루베리,청
필름,앨범,커플
용돈,박스
구워,먹는,생,소시지,풀빛,농장
퍼퓸,큐빅,보석,데코,덴,아이폰,갤럭시,폰,케이스
포켓,카드,지갑
써지,컬,탄생화,목걸이
캔들,케이크,캔들,꽃다발,레터,링,케이크,결혼기념일
미니,유리,병,편지지
알코올,냄새,거의,없는,휴대,용,손세정제,뉴,바이바이
튤립,미니,프릴,손,뜨,개,카드,지갑
상품,강아지,소,가스,워머

원,액,그대로,로,즈,갈락센텔,카렌,편백,해브,토너,종
디,에이치,원목,에어팟,프로,우드,케이스,각인
푸드,버즈,프로,라이브,케이스
세이,리,드레스,퍼퓸,스페인,원료
플립,러,블리다,이노,피,규어,케이스
무광,유광,이니셜,각인,커플,팔찌
잘,지워지는,임지우,개,개,세트
새,하얀,목련,플라워,파우치
빠른,출고,조개,껍데기,모래,감성,유리,병,편지지
무배,바다,담은,진주,키링,에어팟,케이스
남성,캐,주얼,더비,슈즈
문제,성,피부,트러블,케어,피지,조절,풋귤앰플
핸드,메이드,인형,갈래,머리,페이
특,청포도,샤인,머,스캣,이드,코코넛,새,콤달콤
기본,코만도,더비,슈즈,브라운
복조리,에코,백,가방
강아지,옷,후,라이,머리핀
써지,컬,기본,토글바,체인,반지
백일,돌,답례,품,센스,있는,대량,증정,품
수제,빼빼로,빼빼로데이
무,설탕,자일리톨,양치,사탕
폭발,빛나는,투톤,장미,용돈,꽃다발,생신,추석
재주,좋아,유기농,오,일,립밤,종,동,백청,귤,감귤
에디,션,소나무,협탁
원하는,문구,피치,플라워,쇼핑,백
얼,큰냥,뽀송,양털,파우치,카드,지갑
속옷,마스크,면,생리대,세탁,엔,청귤,빨래,비누
티컵,냥,갤럭시,버즈,라이브,버즈,프로,버즈,실리콘,투명
로우,체인,피어싱,귀걸이
북커버,체크,성경책,커버,북,파우치
천연,자개,써지,컬,링,피어싱
월배,송천,연,모,헤어,미니,베어
봄,세,송이,캘리,엽서,카드,편지,액자
고급,원단,얇고,가벼운,여름,마스크
정,래,윤,오늘,반찬,춘천,식,닭갈비
일,마감,할로윈,아이싱,쿠키,단체,패키지
올,써지,컬,십자가,써지,컬,목걸이,변색,없는
인형,어깨,띠,인형,꽃다발,졸업식
할로윈,꼬깔모,자,집게,핀
초,특급,오픈,이벤트,캐릭터,캐리커쳐
달콤,시원,샤인,머,스캣,망,개,떡
뽀송뽀송,건조,상태,유지,땀,냄새,천연,데오드란트
드림,비,게이,터
애플그린,귀걸이
빅백
별,나무,도장
커넥트,십자가,귀걸이,귀,찌,피어싱
스카이,블루,베르사유,헤어,곱창,밴드
야생,효모,천,연,발효,액종,느린,쌀빵,비,건빵,블랙,올리브,쌀빵
유화,그림,색,연가
빨,아,쓰는,무자,극,면,마스크
장미,가득,꽃,풍선,반전,용돈,박스,부모님,재구매,율
자몽,퐁당,수제,비누
곰돌이,후드,티
로,즈,골드,물방울,두,줄,볼,팔찌,발찌
캐릭터,일러스트
월,진심,전하,꽃,수국,색상,다양,시들지,않는
크레이지,샤크
실속,득템,쓱쓱,곡물,때,비누
무료,배송,블링,브릭,곰돌이,스트랩,케이스,전기,종
파파,스티,티,세트
진주,수제,비누,미백,광채
투명,보석,꽃,자개,드롭,귀걸이
깜찍,주의,테디베어,목걸이
끼,식사,신선한,양배추,다시마,쌈
러시아,꿀,케이크,메도빅,보틀,케이크
씨엘,엔들,리스,호,리즌,남자,나무,시계
리뷰,이벤트,핸드폰,가방,브릿지,백,카드,포켓,플립,케이스
신,잔꽃,코랄,긴,팔,롱,철릭
병,한정,도생,배,대추,진액,수,제청

리뉴얼,체크,리스트
여,성,수,제,화천,연소,가죽,둥근,첼시,부츠
실버,물방울,목걸이
해리,엇,성산,메쉬,실버
서리,나래,카키,남성,셔츠,저고리
프리지아,포인트,봄,꽃신
무광,오닉스,단,묵주
어성초,감초,비누
커플,피어싱,귀걸이,심플,데,일리,세트
작품,목화,트리
부자,되는,인테리어,벽,시계,쿠쿠
마약,마늘빵,까페,라떼,흑,시나몬

센스,스틱,증정,사각인,센스,홀더,지르고테
젤리,카페,반려동물,증명사진,후기,이벤트
세,티어,드,미니,원피스,브라운
숫자,주문,제작,무,소음,벽,시계
보드라,움,턱,받이
아이,타고,있어요,차량,스티커
진관,사,태극기,오,버핏,티셔츠
최고,상품,스모,어,쿠키,그대로,답례,품,쿠키
오픈,특가모다닥,불,불멍,무드등
브랜드,주,차번호판,부모님
심플,선,드로잉,후기
행사,중위,참,좋은,흰민들레,즙
로빈,스,커피,원두,커피
스티커,증정,할로윈,데이,스티커,귤,데코,스티커
스위트,하트,통장,지갑,시즌,통장,보관,지갑
제,부부,방수,스티커,데이지,플라밍고,스마일
흰자,보이는,내,새,꾸
걱정,인형,ㅡ,언니,말,잘,듣고싶다
갤럭시,제트,플립,레오파드,케이스,제트,플립,키링,케이스
가을,맞이,더치커피
비비드,레이스,헤어,밴드,베이비,밴드,아,기,머리띠
플립,젤,하드,하드,케이스,젤,하드,신제품
뼈,닭발,강아지,수제,뼈,간식,천연,개껌,뼈껌
크리스마스,바리움,무드등,포함
일출,정통,프렌치,마카롱
판도라,오색,가죽,시계,팔찌
병,한정,샤인,머스켓,후르,츠,수,제청
풍,성,하트,꽃다발,용돈,토퍼,봉투,막대,자유,문구
커플,흑임자,호박,인절미,떡
습기,싸,악,미니,숯,화분,박스,패키지
벨,크로,찍찍,이형,강아지,이름,표,애견,인식표
셰프,연어,장,항공,직송,수제,해물,반찬
아크릴,토퍼,여행,토퍼,고정,문구,커플,가족,우정
소스,증정,무,항생제,치즈,듬뿍,돈까스,연,돈,스타일
블랙,비즈,팔찌,발찌
문구,칼라,무료,드로잉,버즈,라이브,프로,하드,케이스
혜자,구성,대,용량,약,개,파스텔,요술,풍선,랜드
상큼,톡톡,벌룬,파티,랜더,세트
별자리,커플,우정,소원,실,팔찌
슬립,온,남녀,공용
꼬마,곰,파티,에어팟,프로,케이,스키,링
프사,하기,좋은,얼굴,캐릭터
왕새우,깐,새우,장
품절,임박,상생,잔꽃,플레어,원피스
만년,형,캔버스,공,다이어리,세트
입점,실버,링,은볼
남극,사는,아기,펭귄,반지
애플,워치,갤럭시,스퀘어,버클,앱송,와인,스트랩
부담,없는,층,데님,파우치,클러치
써클,리프,마크,라,메,모빌,감성,소품
남성,윙팁,비브람,누벅,더비
마크,링,블랙
월,포인트,스왈,실리콘,피어싱,귀걸이
냉장,보관,필수,약선,직접,만,든,양배추,즙팩,용
후기,맛집,탄생화,무료,각인,커플,목걸이
인테리어,무,소음,대리석,패턴,벽,걸이,시계
애기,호박,다도,찻,상
실물,굉예,컬러,하트,블링,수제,네일,팁
애플,워치,루프,밴드,전,기,종호환
원목,소파,테이블,사이드,테이블
곰돌,투실,애착,곰돌이,키링,키홀,더
벚꽃,딸기,쿠키
어버이날,카네이션,장미,돈,꽃다발
비누,망,무료,증정,닐솝,티,트리,속옷,비누,녹차,세탁,비누
써지,컬,스틸,원,터치,세그먼트,링,피어싱
사은,품심,리스,노,와이어,쉬어,브라,장,팬티,장,세트
관절,튼,튼,한우,사골,육수,기력,회복
반전,용돈,방석,이벤트,부모님
무배초특,변색,써지,컬,마스크,스트랩,목걸이,커플
유기농,쌀,과자,퀴노아,옹알
달콤한,파인애플,청,수,제청
갤럭시,플립,체리,색,폰,케이스
길이,조절,간,미니,책꽂이
원목,코너,장,코너,선반,단,단,코너,수납,장
완전,방수,소주,스티커,즉석,복권,이벤트,스티커
재구매,율위,티,트리,어성초,수제,비누
월,미니,십이지신,키링
각인,무료,스윗,피,실버,커플,반지,쌍,커플링
파파,브라운,키친,스토리
오늘,아침,볶아서,보내,드리는,작두,콩차무,농약,작두,콩
쓰고,또,쓰는,소,창,티백,다시,백
브라,덜,샤워,파티,소품,화관
단독,블랙,퀼팅,맥시,랩,원피스
액자,사진,무드등,커플
실버,심플,링,귀걸이,데,일리,볼드,베이직
기도,실버,반지
대,두,클립,차량,클립,포토,클립,차량,액자
버즈,출시,롭이어,버니,에어팟,케이스,뜨,개,버즈,케이스
고급,펌프스,구두
마크,라,메,체인,반지,소원,반지
달고나,수제,초콜릿
깜짝,이벤트,플,향기,고체,향수
특,썸머,스퀘어,블랙,블로퍼
플립,출시,입체,오,너,먼트,러브,데이지,폰,케이스
코듀,로이,에어팟,케이스,프로
핸드,메이드,천연,자수정,반지,은반지
정옥,깔끔하게,맛있는,남해안,멍게,비빔,장
써지,컬,스틸,장식,엔,틱,장미,포인트,팔찌
신상,요리조리,매듭,가죽,팔찌
써지,컬,우리말,목걸이
원,단재,입고,키링,증정,복조리,핸드백,크로스,백,가방
무료,배송,포토,랜드,집게,전구
항상,너,생각,해,북극곰,우드,브로치
버즈,입고,행복한,쿼카,에어팟,프로,버즈,라이브,케이스
제철,음식,신선,수제,국산,감자,샐러드
개월,숙성,대통,비누
별밤,귀걸이,귀,찌,피어싱,제,작,가능
알라딘,미니,귀걸이,피어싱
실버,볼,링,귀걸이
부,배앓이,방지,실내,복,레이온,인증,봄,여
무료,배송,월,버즈,프로,라이브,케이,스키,링
유니온,클래식,블랙,여자,나무,시계
탯줄,보관,함,출생,기록,각인,출산,받침,대,포함,세트
부모님,용돈,보자기,용돈,봉투,박스
오리,날개,천연,껌
파스텔,플라워,철릭,원피스,세트
성수동,여,성,수제,화,뮬,슬리퍼
베베,에어팟,프로,케이스,버즈,케이스
인형,전통,단,옷장
제주,유기농,말차,밀크,티,베이스
손가방,키링,내,안,체크,품,백
꽃,리본,부모님,결혼기념일,축하,토퍼
유리공예,식빵,거울
올인원,여성,참,쑥,비누
통풍,잘,되는,에스,파듀,로,퍼브,라,운,사이즈
정,래,윤,오늘,반찬,연근조림
청금석,라피스라줄리,여자,묵주,팔찌
신상,신기한,매력,반전,하트
감성,하르방,쿠션
아이보리,누빔,저고리,면,벨벳,말기,랩,원피스,세트
수납,기본,벤치,형,선반,신발,정리,대,일반,형
드로잉,레터,링,케이크,캔들,포장,포함
무배,거북이,왕국,호박,거북이
스테인드글라스,썬,캐,쳐,바다,보석,썬,캐,쳐
노트북,파우치,인치,인치,인치,그램,맥북
마,성의,데,일리,면,팬티
무,배써지,컬,행운,돌고래,꼬리,목걸이
신상,압화,수국,꽃,그립,스마트,톡
비누,꽃,캘리,용돈,카드,용돈
올리브,마르세유,순,수,제,비누
강아지,고양이,화환
무료,각인,위드,리버,커플링
하얀,달,도자기,펜슬홀더
실버,달별,체인,귀걸이
사은,품종,상자,편지,기본,틀단,제작,편지지
발송,가능,로얄,파운드,케이크
브라운,보틀,사무실,디,퓨저,방향,제
입문,로션,저,자극,순,보습,블랙,커,런트,롤리,로션
포핀스,칠보,꽃,피어싱
로맨틱,끝판,왕,원목,화장,대,콘솔,고무나무,장식,장
블라썸,바이,에이치,고체,향수
엘룬,스트랩,펌프스
스트라이크,블루
세,젤,귀,살,아,있는,초,미니,다육
반려동물,에어팟,버즈,케이스,강아지,고양이,반려견
베이지,베이지,곱창,밴드,스,크런치
린넨,누빔,매트,패드
부모님,생신,케이크,토퍼,소주
편백,원목,미니,단,서랍,장
추가,순,살,양념,게장
대리석,하드,에어팟,프로,케이스
베지터블,가죽,클라,우딩,지갑
부모님,감사패,기념,패,생신,퇴직,환갑,칠,순,상패
아크릴,실버골,드로즈,골드,키링
에이,프럴,왕관,머리띠
일러스트,고양이,벽,시계,꿈꾸는냥
무,설탕,자일리톨,막대,사탕,개
복조리,코듀,로이,토트,백
꽃,시리즈,조랑말,체인,하랑
오가,닉,면,성인,스카프,빕
색상,에어팟,프로,버즈,케이스
체리,강아지,케이프,고양이,스카프,체리,동백꽃,강아지,목걸이
월,케냐,더치커피,원,액
출동,소방,구조대,우리,아이,얼굴,인형
활용,만점,넓은,테이블,가족,식탁
주문,제작,블랙,미니,멈,거실,장
케이크,용돈,토퍼
무배,탄생석,원,석,커플,팔찌,발찌
뽀송,하늘빛,미니,트리
플립,아이폰,봄봄,구슬,핸드폰,스트랩,케이스
잘써지는,독일,잉크,임색,볼펜,개,세트
풀,컬러
바닥,증정,이벤트,심플,파우치,백,안감,선택,가방,미니,백

세트,마법사,할로윈,고양이,강아지,케이프,모자,스카프
메탈,스피너,피젯,손,놀이,어른,장난감,키덜트,자체,제작
우리,밀꿀,약과,국산,재료
짜지,않은,간장,생,연어,장,외,종,중,택
쭈꾸미,볶음,인분,물김치,무료,증정
월,바,식,바삭,무염,황태,채
피지,각질,제거,브라운슈가,라이스,스크럽
노란,병아리,버즈,라이브,버즈,프로,버즈,케이스
일,부터,순차,발송,배도라지,대추,생강,청
싱그러운,풀,향수,솝,강아지,캔들,고양이,캔들,마,조람,카밍
주문,제작,드로잉,차량,스티커
당일,발송,행사,생신,응원,축하,현수막,미니
단독,과일,양,모,펠트,수박,인형,책갈피,꽃,북마크
신,메뉴,세,일,포천,식,양념,구이,목,살전,살
카미노,배색,조거,팬츠,그레이
은반지,반지,나침반,인장,반지,신상,한정
수량,단,개,스퀘어,토,펌프스
확장,형,식탁,접이식,테이블
할로윈,정성,다한,아리,감성,머랭,쿠키,호텔,델,루나,머랭
벌,한정,모던,한복,셔츠,스커트,세트
일,밀,파스텔,플립,가죽,케이스,스트랩
상티망,디,퓨저,리필액
할로윈,베어,알람시계
빗금,무늬,실버,반지
빈티,곰돌이,티슈,케이스
여름,허브,쿨링솝,바디,샤워,멘톨,비누
로지,트렌치
판타지,속,가넷,파편,반지
플립,아이폰,추가,모던,스카프,스마트,톡,폰,케이스
시즌,화장,솜,구,매,가을,바라기,무료,샘플,테스트
너,참,예쁘다,시리즈,머리핀
교육,용,추벽,시계,행복한,다니
반려견,뜨,개,딸기,장난감,삑삑
월,한정,할로윈,과자,집,세트
직접,양식,전복,넣은,전복,내장,미역국,인분
귀염,오리궁,뎅,석,방향,제,차량,용,방향,제
당일,출발,강아지,인식표,러브,목걸이,화이트골드
달,주기,꼬임,반지
인물,톡폰,케이스,그립,커플,플립,아이폰,입고
커,스텀,일러스트,자수,커플,후드,티,맨,투맨
주,문,제,작,마제스틱,사이즈,거실,장
메두사,투핀,귀걸이
마르,카토,클리퍼
개,돌파,무배,하프,크리스탈,목걸이
성,수,수제,화,스네이크,가죽,멀티,스트랩,플랫슈즈
불교,정화,연꽃,팔찌
키치,나비,하트,에어팟,버즈,키링
스킨,핑크,스트랩,포인트,토,플랫슈즈
귀염,오리,강아지,버즈,라이브,프로,버즈,케이스
골드,필드,페일,핑크,원,석,목걸이
태명,호랑이,띠,소,띠,배냇저고리,출산,세트,흰색
스티커,답례,어린이집,곰신,답례,품
실버,귀,면,도깨비,반지
친환경,무,농약,제,주청,귤청,자일로스,설탕,저,칼로리

애쉬,래브라도,라이트,원,석,스터드,귀걸이
데이지,차량,석,방향,제,주,차번호판
케익,토퍼,현수막,토퍼,미니,현수막
라,봉,한라봉,인형,우리,아이,인형
이니셜,코마,사,수건,자동차,자수,기념,타,올
심플,카드,지갑,딥,그린
기모,공룡,슈트,핑크,그린
아미,꼬띠온즈,카페라떼
강추,미니,골프,맨
세수,해요,세안,수건,고리,수건
우로보로스,링,내,로우,와이드
마르,카토,태,슬로,퍼
맞춤,제작,스트링,파우치,너,백,속,가방,자수,반제품
오,베,방문,체족,서비스,일,부지역,실시,페어,몬트
스웨이드,스틸,레토,로퍼
피스,오브,럭,인정
플립,입고,홀로그램,머메이드,조개,비즈,스트랩,케이스
캘리,좌우명,탁상,시계
프리미엄,블랜딩,원두,분쇄,무료
효도,영광,법성포,부세,찐,보리,굴비
블랙,현무암,절반,실버,포인트,링,반지
베이지,재,입고,키링,증정,복조리,에코,백,가방
색상,레이스,눈물,초,커
두피,닿아도,좋은,천,연,로션,컨디셔,너,밸런스
소방관,석,방향,제,소방,마크,탁상,차량,용자,석,주,차번호판
시,그,니,처초,커,그날,블루,목걸이
투명한,십자가,묵주,묵주,함,세트
딸기,밭,버즈,라이브,케이스
스핀,키,케이스
투명,인테리어,식물,액자,사이즈,종,모음
무료,포장,벨,캔들
레트로,문구,액자,대
로줄,모던,블랙,남자,나무,시계
주년특,유니온,코지,브라운,여자,나무,시계
엉클솝,반려견,비누
골드,클로버,명함,카드,지갑,도이치,후크
써지,컬,스틸,네모,퍼즐,목걸이,커플,템,우정,템
토끼,손,뜨,개,이니셜,키링,휴대폰,줄
소,니,엔젤,옷,귀족,소녀
편리해,오,플,이니,셜,각인,카드,지갑
비교,불가,만능,진정,밤,일상,필수,템,자운,멀티,액션,밤
데님,앞치마
크림,화이트,밀짚
특,천,원,라인,드로잉,으로,프로필사진,바꾸자
린넨,파우치
숨쉬기,편안한,오가,닉,시,그,니,처,프레,피,마스크
라벨,리아,카드,지갑
일,발송,냉동,딸기,시럽
몽크,스트랩,부츠
프로젝트,제이,종이,샤쉐
시멘트,센스,홀더,오브,제
손,뜨,개,행운,가득,소녀,인형
주문,제작,포토,디,퓨저,커플,부모님,할머니
고우,향,제주,미네랄,워터,스프레이,탈취,제
무료,포장,임인년,흑,호랑이,띠,아기,뜨,개,신발
납작,하트,초,하트,초,초,케이크,초
특별할인,하기,좋은,미니,섬유,향수
당,일,완성,발,그,레,귀여운,캐릭터,일러스트
탄생석,추가,행운,담은,고래,꼬리,책갈피,키링
용돈,토퍼,부모님,생신,토퍼,생신,오천만원
퍼즐,형,편지지
전,기,종,항상,블링,레터,링,하트,골드,톡폰,케이스
바캉스,여름,스트랩,샌들,치즈
유화,아이폰,갤럭시,카드,포켓,폰,케이스
인간,화환,리본,화환,환갑,이벤트
코듀,로이,마크,라,메,스트링,파우치,가방
녹차,비누,유기농,그린티,솝
백,아이,보,타,닉,프린트,레이어,드,스커트
뱁하,뱁새,인형,키링
건조,한코,시원,촉촉,청비,쿨밤,청비,코밤
손,자수,들꽃,커트,러리,파우치
유리공예,무광,못난이,오로라,귀걸이
수제,캔디,회,오리,팝
수제,네일,팁,세레,니,티
아이폰,사각,실리콘,폰,케이스,카메라,보호,풀,커버
하트,각인,포토북,앨범,편지지,사진,인화
콩콩이,그림,가게,고양이,파우치,중
빅,모던,소이,캔들,대,용량,종
골덴,코듀,로이,카드,지갑,동전지갑
실버,링,귀걸이
월,반지,정리,함,친구
오늘,마지막,피어싱,개,랜덤,박스
얍실,마스크,스트랩
블루,사파이어,저고리
코듀,로이,복조리,스트링,에코,백,가방
로즈마리,유황,비누
조카,년,임인년,호랑이,띠,아기,신발
강아지,고양이,패,브릭,인식표,목걸이
해드위그,테마,곡,오르,골
테디베어,복조리,파우치
슬림,카드,지갑
퀄리티,생화,꽃다발,플로리스트,계절,꽃
몽화적,스카프
최고,행운,네잎클로버,실버,실,팔찌
브라운,레인,더치,파우치
플립,아이폰,추가,실크,스카프,폰,케이스,스마트,톡
소량,입고,깨끗한,급,천연,장미,수정,라운드,링
무배,돌파,몽실몽실,구름,같은,드림캐쳐
스페셜,애플,워치,가죽,스트랩,크리스,페,고트,이니,셜,각인
츄럴,거실,장

닭,안심,육포,강아지,수제,간식
써지,컬,오벌,코인,레이어,드,목걸이
모,공,싹수,분,동,시,충전,녹두,청정,모공,크림
두피,깨끗하고,풍,성하게,해주는,약초,샴푸,바
블루베리,잼,설기,개
멸종위기,동물보호,매듭,실,기부팔찌
월,친구,우정,써지,컬,스틸,블레어
천연,과일,맛,수제,캔디,젤리,모음
하쯔,곰돌이,마로,씰,스티커
풍선,토퍼,할로윈,풍선,케이크,토퍼
임신,축하,아기,출산,세트,자수,소,창,수건,삶음,완료
바나나,히노끼,주걱,모양,네모,주,문,제,작,각,인시,계
해바라기,시계
할로윈,벨벳,미드나잇,쵸,커,목걸이
오,팔,추가,오,팔,스왈,진주,미니,링

아뮈잔트,착한,성분,룸,섬유,향수
마스크,트러블,케어,비누
손목,통증,그만,밴드,형,손목,쿠션,마우스,키,보드,필기,용
고소하고,향,긋한,에티오피아,이르,가체,페
플립,출시,장,카드,지갑,폰,케이스
진짜,목수,느낌,뿜뿜,거실,장
베이비,롱,쿠션
기모,미니,체크,원피스
블루,밍,아이패드,갤럭시탭,노트북,파우치
드로잉,화분,소중한,순간,특별하게
꽃,무늬,카드,동전,지갑,지퍼,파우치,골드,체인,키링,증정
북커버,귀여운,성경책,커버,북,파우치
테디베어,스카프,빕
엔,틱,실버,종,펜던트,팔찌
월,세상,순결하고,깔끔한여,성,청,결제
캘리,꽃다발,수채,일러스트,쇼핑,백,중
맥주,효모,샴푸,바,샴푸,비누,두피,가려움,모발,건강
머리핀,정리,대,아기,방,꾸미기,아기,머리핀,머리핀,수납
나비,개,세트,피어싱,귀걸이,실리콘,써지,컬
커,스텀,벽,시계
파김치,알싸하고,칼칼한,마,성의,맛
인증,자수,턱,받이,스카프,빕,꽃받침,침,받이
행복한,카키,망돌,베어,인형
행운,행복,가득한,클로버,반지
초상화,액자,하세요,결혼,집들이
박규규,몽글몽글,귀여운,캐리커쳐
주,문,제,작,어린이집,임수건,송월,쪼꼬미
메탈,링,캐릭터,집게,형,회전,간호사,릴홀더
미토,도난,방지,가죽,미니,박스,백
베베,리본,핸드,스트랩,컬러,범퍼,케이스
뮬,슬리퍼
코듀,로이,복조리,폰,가방
블루,스웨이드,천연,양털,스니커즈
닭,근위,닭똥집,강아지,수제,간식
무,배양,면,자개,오닉스,로마,써클,올,써지,컬,목걸이
와우,박스,대한민국,국가대표,커,스텀,폰,케이스
출시,기념,콘크리트,브이,컷,골드,벽,시계
특별한,고백,황금,장미,꽃다발,장미
유기농,레몬,밤,행사
레터,링,가죽,콘돔,케이스

쪼꼬미,뜨,개,키링꼬북,이래서,판다
뾰롱뾰,롱,요술,봉펜
대박,국산,서리,태,분말,쉐이크,대,용량
포졸,란,약초,비누,트러블
레터,링,풍선,공기,풍선,스탠드,형,대두,서비스
매일,새로,담아,아삭아삭,생포,기,김치
럭셔리,플레인,슈트,블루,굿이어,웰트
에어팟,프로,커플,케이스,레터,링,에어팟,케이스
포토,키링,커플,에어팟,키링
아이스,레인보우,팔찌
단,품귀,찌은,침,피어싱,페르세포네,투핀,귀걸이
생일케이크,레터,링,케이크,택배
이탈리아,안경집,및,필통
슬기로운,소비,템티,라이트,캔들,여러,향,선택,가능
노,즈,워,크,입,오리,간식
할로윈데이,리얼,마녀,손가락,쿠키,개
주문,캘리,우산,아동,유아,어린이,우산,조카
하리보,캔들,곰젤리,캔들
두툼묵직,아낌없이,만든,수제,쿠키
해바라기,데이지,스마일,백,참
클리어,런스트위스트,하프,터틀넥
반전,튤립,꽃다발,토퍼,용돈,토퍼,생신
미니,에코,백,포켓
년,구두,장인,외,타임리스,보석,새틴,힐
배부른,식사,후,날씬한,습관,국산,돼지감자,차
만년,형,캔버스,북,파우치,다이어리,세트
오비,츠,화이트데이,사탕,미니어쳐,사탕,막대사탕
레드,미티,어,조커,혼,라이트,브라운
무료,배송,로,로,여성,찰랑,루즈,핏,밴딩,팬츠
입문,미스트,순한,수분,공급,블랙,커런트,스킨,미스트
월,무,항생제,오리,안심,육포
무배,실물,갑강추,여,리보스,리저,브,목걸이
블랙,파우치
장미,곰돌이,로,즈,베,어,여자친구,곰초초,이벤
허,벌,리스트,제작,제주도,디,퓨저
호안,석,오닉스,천,연석,금전,운,재물,운,파워,스톤,팔찌
무배,거북이,왕국,마법사,거북이
심플,써지,컬,체인,스트랩,핸드폰,케이스,아이폰,갤럭시
애플,워치,갤럭시,워치,실리콘,밴드,전용,클립,악세서리
꽃,노트,델피,늄,다이어리
무,배써지,컬,샤프,슬림,커플,팔찌,목걸이
라피스라줄리,원,석,실버,백금,도금,십자가,목걸이
탄생,액자,칠판
류,디저트,구,움,케이크,흑임자
밤새,안녕,분홍,령,머물이,키링
촉촉,팥,수제,비누
스칸,디아,모스,푸
실버,플라워,자개,피어싱,피어싱
드라이,플라워,말린,부케,꽃다발,액자
소중한,헤어,미스트,헤어,오일,세트
즐거운,향기,퍼퓸
발,전용,비누,개
독보,적,퀄리티,선명하고,고급,진,에폭시,그립,스마트,톡
벽돌,달고나,망치
마르,카토,파,디나,오스틴
시어서커,별,여름,침대,패드
스마일,작가
악성,피부,전용,악,스프레이
드로잉,일러스트,액자,무드등,집들이
이태리,비브람솔,셔링,스티치,로퍼,슬립,온
코랄,빛,트로피,컬,컬러,헤어,코사지
금돌캣,털,뭉치,오뎅,꼬치,막대,장난감
베베,라,온,오가,닉,유기농,애착,인형,토끼,두루
고데기로,누르면,끝,이름,표,펜
플라워,용돈,봉투,현금
무배,실버,나비,목걸이
비누,꽃,반전,플라워,용돈,박스,돈,티슈,부모님
트러블,여드름,어성초,병풀,비누
목련,반짇고리
속편,쿠키,노,즈,워,크
작은,꽃,이중,거즈,파자마,바지
발,편한,양,가죽,플랫,수제,화
귀여운,드로잉,커플,휴대폰,배경화면,그림
스윗,후르,추,버즈,라이브,버즈,프로,버즈,실리콘,투명,케이스
헬로,투명,카드,지갑,파우치
술안주,존맛,쏘야,케찹,비엔나,야채,볶음
상품,입체,드로잉,편지지,세트
행사,만,개,판매,뉴,제주,패,브릭,퍼퓸
베이지,빅,체크,생리대,복조리,스트링,파우치
가을,신상,써지,컬,골드,마스크,스트랩,팬던트,목걸이,체인,줄
월,포토,키링,별,하트,에어팟,키링
글,레디에이터
펄,담수,진주,레이어,드,목걸이,핸드,메이드
컬러풀,보헤미안,네트,메쉬,발,커튼
미니미니,당근,인형,장난감
병아리,삐삐,뚜
병,한정,파인애플,키위,청,수,제청
프로포즈,결혼기념일,여친,홀로그램,블랙,우드,유리,돔
비염,좋은,유칼립투스,화이트,화분
기,본,만하,자
금토일,특가뽀글베어,차량,용,석,방향,제
마르,카토,남녀,한정,판매
집중,력,파워,공부,신
문스톤,렌즈,캡홀더
더,넉넉한,인의,자,사이즈,원목,벤치,스툴
푸른,장미,꿈,진주,반지
월,찰랑찰랑,헤어,지키,미,창포,샴푸
레오,로우,테이블
틴트,까지,쏘,옥꽃,자수,지갑
닉스,베이직,모니터,받침,대,시리즈,싱글,보조
프린스,더블,몽크
당,근,당,근,파우치
재,입고,체크,아이패드,태블릿,노트북,파우치
신상,무선,무드등,홈,캠핑,홈,포차,문패
보,타,닉,카페,원목,무드등,벽,무드등
웜톤,레터,링,폰,케이스,톡,그립,커플,플립,아이폰
금,작가,남자,비누,냄새,잡고,향기,업,계피,샤워,바
카젤루,메쉬,망사,스니커즈
큐브,캔들,미니,큐브,캔들,우드,코스터,캔들,세트
신상,천연,이태리,소,가죽,시,그,니,처,월렛,명함,지갑
한정,수량,대나무,병풀,대통,비누
고양이,동백,파우치
앵콜,차,마다가스카르,타마,누,오일
하늘하늘,에티켓,손수건,매트
강아지,캐릭터,어린이,교육,용벽,시계
커비,보이,숏
로빈,스,커피,원두,커피
일출,소프트,마늘빵,종
당,모,팥,차입,세상,없는,특별한,차,답례,품
오늘,만,그,재,틱,쉬폰,스카프,가을
목걸이,형,지퍼,가죽,카드,지갑
통째,로,착즙,순수,양배추,즙,냉장,보관
후기,이벤트,자유,문구,자동차,스티커,주문,제작

당,일출,고무,배,달빛,무드등,커플,집들이

킨코,월넛,원목,의자,대니쉬,코드
로,즈,우드,수성,펜,가죽,케이스
발송,까지,주,주소,요,반고흐,손,뜨,개,인형,백,참,키링
수채화,가죽,시계
황동,사각,펜,꽂이,홀더,이니,셜,각인
미니,인화,증정,커플,드로잉,편지지
할로윈,피어싱,귀걸이
마르,카토,태슬,로퍼,프린스
입,점주,년,기념,내,맘,대로,제작,폰,케이스
멀,바,우,원목,다리,형,무,헤드,주문,제작,침대
곰돌이,케이스,폰,케이스,플립,케이스
스틱,우드,스피커
영롱,진주,크리스탈,초,커,목걸이
파파,브라운,단,북,케이스
기획,특,원,석,귀걸이
팬던트,써지,컬,마스크,목걸이,스트랩
뉴요커,사랑,하는,르뱅,쿠키
할로윈,과일,맛,하트,사탕
네이비,플라워,빅,카라,프릴,블라우스
유기견,유기묘,유기동물,후원,반지
무배,원,석,커플,팔찌
빈체레,캠핑,핸디쉘프,우드,쉘프,감성,캠핑,주방
단독,로트,르,드민,보석,니트,가디건
파파,브라운,단,코너,캐비닛
앵콜,유자,레몬,스크럽,클렌징,팩,비누
위,매,일,보고,싶어,사진,팔찌
이벤트,마크,라,메,우드,쪽쪽이,클립,치발
건,돌파,폴라로이드,캐리커쳐,일러스트,커플
스와로브스키,멀티,써지,컬,스틸,귀걸이
베어,버즈,프로,라이브,케이스
진정,보습,킹,상처,케어,밤,트러블,개선,멀티,밤
화이트,디,퓨저,실내,방향,제,화장실,집들이
천연,모기,퇴치,스틱,통계,피,캠핑,행잉
베지터블,소,가죽,도어,락,키,케이스
라슈,콤비네이션,스웨이드,스판,부츠
대,용량,뉴,제주,패,브릭,퍼퓸
중,거즈,단추,스카프,빕
고체,향수,스틱,향수,구,매,시
플라워,시크릿,파우치
엠보싱,오픈,링
원목,센스,홀더,향,꽂이,엣지
맥주,효모,청대,약,산성,샴푸,바
바로,배송,감성,충만,기저귀,파우치
월,부드러운,촉촉클렌징,살구,씨,클렌,징,오일
파란,가을,하늘,델피,늄,압화,폰,케이스
스페셜,국내,산간,장,꽃게,순,살,듬뿍,수제,해산물,반찬
물결,원,석,시계,블랙
심쿵,커,스텀,가죽,폰,케이스
어흥,라이온,꽃다발
홈,케어,각질,케어,촉촉,저,자극,물광,필링,토너
가죽,명함,지갑,하미,하미
특,써지,컬,침진주,귀걸이,쌍
마담부띠,끄,브로치
쿨딜,한정,팔찌,발찌
인테리어,무,소음,그레이,가죽,패턴,벽,걸이,시계
신생아,흑백,모빌,양,모,펠트,임신,출산,아기,방,꾸미기
아기,곰,레벨,보아
파스텔,이니셜,에어팟,프로,케이스,커플
급,특대,소량,오픈,덴드,리,틱,아,게이트,목걸이
랄라,야옹이,롤,티슈,커버
손,뜨,개,엘리,코끼리,인형
추억,담은,벽,시계
가넷,토르,마린
테디베어,주,곰,베어
미니,멀,핏,글러브,슈즈
트러블,가려움,청대,모낭,비누
약,산성,바스,앤,샴푸
강아지,목걸이,줄,고양이,그림,인식표,고양이,목걸이
케이,바론,갤럭시,플립,플립,케이스,소,가죽,힌지,보호
제주도,토퍼,제주도,여행,신혼여행,가족,여행,토퍼
푸,자동차,주,차번호판,석,방향,제논,슬립,패드
로씨,젤라또,개,오늘,만,예약
써지,컬,굵은,실,체인,반지
유니섹스,와이드,밴딩,슬랙스
레드,미티,어,조커,스퍼,레이,션
용돈,봉투,부모님,생신,빼빼로데이,수능
제작,일시,중,반려동물,캐리커쳐
시나몬,리스,벌레,모기,퇴치
원목,연필,꽂이,붓,꽂이,펜,꽂이
콘,센스,홀더,집
시,그니,쳐,반지
아,깽,토깽,마우스,키,보드,손목,보호,쿠션,세트
중,라인,드로잉,커플,드로잉,여행,드로잉
흰,독수리,머니클립
상품,식물,원목,명함,꽂이
튼,튼,투명,파우치,윗,지퍼,형
일러스트,시계,제작
멋띠,커,스텀,포토,어항,스마트,톡
마르,카토,태슬,로퍼
비너스,우먼,토르,소,캔들,오브,제,캔들
수제,화,블로퍼,수,봉합,천연,가죽,슬리퍼,뮬
플립,전용,투톤,블럭,이니셜,케이스
곰인형,키링,인형
홀로그램,레진,귀걸이,실리콘,피어싱
신상,출시,이프,마더,펄,엔틱,반지,실버
프리저,브드,플라워,드라이,플라워,다용,미니,꽃다발
캔버스,파일,태블릿,북,파우치
스왈,판도라,시계,팔찌
당일,출고,홀로그램,장미,꽃다발
로고,디자인,명함,시안,추가,제공,이벤트,중,입니다
추억,판,스마트,톡폰,케이스
바디,미스트,우드,유라,이크
병,한정,농축,딸기,시럽,수,제청
디지털,드로잉,연필,느낌,반려동물,일러스트
일,출고,클래식,마카롱,디저트
뜨,끈,뜨끈한,수제,알탕,인분,술안주,끼,식사,로,굿
나일론,셔링백
주,문,제,작,현관문,스티커
임산부,용무,향,어자녹,약,산성,샴푸,바
리뷰,이벤트,웹툰,캐리커쳐,일러스트
봉봉,몬스터,이니셜,자수,롤링,턱,받이,아기,침,받이
멀,바,우,원목,와이드,서랍,장
브로콜리,사과,담은,양배추,즙,냉장,보관
밴드,핸드폰,가방
비즈,이니셜,마스크,스트랩
하쯔,공부,마로,씰,스티커
카모,블랙
약도,라,지배,대추,생강,청,건강,차,약도,라,지배,청,대추,생강,청
스탠다드,앞치마
주,문,제작,면,라벨,핸드,메이드
댕,냥,수,제,간식,참치,스테이크,국내,자,연산
두,줄,링,레이어,드,심플,귀,찌,이어,커프
무료,각인,고급,나무,원목,옷,걸이,바지,걸이
심플,이름,도장,콩,스튜디오
마,성의,데,일리,면,팬티,세트,종
사은,품,하트,귀걸이
드로잉,무드등,아크릴,조명,커플,일러스트
밀가루,글루텐,프리,삼덕동,쌀,카스테라
가든,대장,지퍼,가죽,지갑,테이크,포켓
자체,제작,옐로우,플라워,미니,복조리,스트링,파우치
내,피부,찰떡,치유,수분크림
원목,미닫이,장
마르,카토,레이스,업,로우
드라마,협찬,인피니티,실버,반지,개,우정,링,커플링
레터,링,폰,케이스,무,야호
작가,차량,용,송,풍구,미니,액자
그립,감,끝내,주는,카드,지갑
스마일,샤크
드레스,화,야,로퍼,야
귀걸이,작은,꽃,드롭,귀걸이
이벤트,홈파티,집들이,캠핑,대,용량,뱅쇼,키트
부모님,보석,동백꽃,부모님,용돈,봉투,예,단,봉투,에바,폼
칸,사이즈,수납,장,서랍,개
초록,꽃,붉은,잎,행운,성공,아벤츄린꽃,매듭,실,팔찌
무료,배송,각인,써지,컬,반지,커플,우정
마르,카토,스노우,카우,윙팁
파,올라,레이나,프릴,원피스
할로윈,묘비,티,라이트,홀더
주문,제작,아크릴,포토,액자,탁상,용,차량,용
써,봄,풍선,생신,반전,용돈,레터,링,꽃,풍선
감사,사랑,마음,담다,감사,봉투
우리,아가,드로잉
황마,내추럴,주트,테이블,매트
버전,풀,컬러,젤,네일
로망스,플라워,베개,커버,블랙
열무,브로치,자석
무배,크리스탈,데,일리,비즈,반지
몽글,잎새,월넛,무,소음,인테리어,벽,시계
목,꿀,칠하자,양봉,꿀,도라지,사탕
생활,한복,슢속,저고리,개량,한복
나사,형,강아지,이름,표,인식표,가죽,네임택
샤프란,꽃,마스크,스트랩,목걸이
어느,달,어떤,날,캘린더,형,편지지
하트,메세지,주,차번호판
특,다크,브라운,옥스포드
비누,꽃,장미,꽃다발,축하,파란,장미
만,완판,자취,템,조향사,만든,커플
리,샌들,핑크
노을,미니,드림캐쳐,키링
인식표,솔리드,코튼
숨,키친,재구매,율,위,글루텐,프리,쌀,가루,마들렌
시즌,수,제,캔디,할로윈데이,사탕,예,약
성수동,수제,화,컷,라운드,토우,통굽,펌프스
바나나,유리,나무,벤자민,벽,시계
삼색,송편
특,수국,웨딩,수국,화이트,연,피치,연,핑크
실버,데,일리,원,터치,링,귀걸이
올리브,쇼콜라
당일,로스팅,원두,커피
스티커,증정,할로윈,스티커,귤,호박,유령,사탕,만들기
레이디,토끼,인형
플립,무배,영롱,유리,구슬,진주,스트랩,케이스

돈,케이크,환갑,칠,순,생신,용돈,돈말,반전,토퍼
강아지,수제,간식,무뼈,닭발
유니섹스,셔링,린넨,팬츠
자연,담은,조각,방석
오가,닉,원단,애,곰,애착,인형
캡틴,스노우
큐티,플라워,자수,유아,헤어,핀
빅,드로잉,무드등
아이폰,반려동물,반려견,반려,묘,커,스텀,폰,케이스
우드,스몰,캐비넷
인간,리본,화환,리,필용,스티커,글자,레터,링,스티커
시간,이기는,힘,뮤신,뉴,트리,셔스,크림
필름,앨범,커플,결혼
고양이,책갈피,개,손,그림
인형,놀이,해,요,엠마,야채,친구,엠마
납골당,꽃,향기,마저,은은한,비누,꽃,모음
키링,증정,레터,링,버즈,케이스,에어팟,톤,프리
휴대,용,비누,클레이,솝,신년,포장
비즈,강아지,인식표,고양이,인식표,한글,이름
자취,생,반찬,존맛,옛날,분홍,소세지,전
린넨,보틀,백,텀블러,백,미니,에코,백
데,일리,크로스,백
비잔틴,체인,팔찌
애플,갤럭시,워치,액티브,엘라스,틱,레더,스트랩
잭,도슨,크레파스,드로잉,영화,갬,성,포스터
키링,증정,페이퍼,버즈,케이스,에어팟,톤,프리
크루,넥
동양,풍,복,주머니,랜덤,박스
천,연,껌,콜라겐,가득,돼지,귀,슬,라이스
이태리,비브람솔,첼시,부츠
자운,유한,방,비누
이모티콘,폰,케이스,하드,범퍼,슬라이드
별헤,밤,별자리,수제,시계
탄생석,비누,월,사파이어
색상,추가,아리아,팔찌,색,실,소원,팔찌
갤럭시,버즈,토끼,케이스,토끼,키링,버즈,라이브,버즈
단,미,체크,기모,그린,긴,팔,저고리,블라우스,생활,한복
자석,증정,생신,환갑,케이크,토퍼
개개,요일,팬티,날개,형,쪽염,팬티
베이지,핑크,투톤,러블리,슬링,백
루헤,화이트,오크,원목,의자,천,연,소,가죽
월,월,밤,망각,싸늘한,밤
바나나,큰,유리,나무,벤자민,벽,시계
돌잔치,이벤트,상,스티커,소량,주문,제작
가을,하늘,안개꽃,철릭,원피스
포인트
커플,솔로,심플,라인,드로잉
실버,하트,달,실,반지,매듭,반지
수퍼,스퍼,레이,션,블랙
올바르,개,맞춤,강아지,생일케이크,미니,사이즈
바닥,증정,이벤트,심플,파우치,백,안감,선택,블랙,가방
플립,아이폰,나비,구름,폰,케이스
속옷,마스크,순한,세탁,비누,용량,선택
돼지,슈트,돼지,띠,아기,후드,티,추가
꾸준한인기,데,일리,에코,쇼퍼,백,너,백,증정
통증,피로,멈춰,플랫폼,스니커즈,화이트
아메리칸,쿠키,종
로맨틱,스와로브스키,두,줄,진주시,계,브라운
곱창,밴드,손목,쿠션,마우스,키,보드,필기,용,손목,받침,대
년,간,땅속,항아리,에서,숙성,된,묵은지
비즈,메리제인
커플,갤럭시,워치,스트랩,애플,워치,스트랩,무료,각인
라인,살려주는,블라우스,장옷,블라우스
개업,소,코뚜레,문종,소뚜레,코뚜레,집들이
주문,제작,다림질,아쿠아,텍,의류,용,스티커
슬,리핑,쉬,샤워,쿨쿨,잠
마르,카토,특,판매
발송,꾸,덕묵직,아이스크림,스쿱,쿠키
미니,다쿠아즈,케이크
수능,연필,수능,대,박기원,본,입,흑,목
보조,싱글,허브,고속,무선,충전기
미역국,공기밥,비누
하이,틴무드,키치,리본,매듭,반지,컬러
고양이,블루투스,우드,스피커
월초,특,재구매,위시,나,몬디,퓨저,커플,집들이
색상,추가,스와로브스키,초,미니,써지,컬,피어싱
당일,출고,부모님,선생님,감사패,포토,상패
아론,리본,스니커즈,뮬
국내,산,맑은,오징어,무국
특,크로커다일,그레이,파티,나
강아지,수제,간식,닭,안심,육포
플랫,반지,커플링
성인,아동,썬,캡,추가,여름,용,자수,벙거지,모자
핑크,로션,자운,수,딩,로션,베이비,보습,아토,전,신,관리
하트,입술,뽀뽀,자유,문구,토퍼,파티,토퍼
주년특,에버래스팅,스,테리,나잇,여자,나,무시,계
침침한,눈,밝게,해주는,국산,결명자차
사랑스런,핑크,하트,자개,모빌,드림캐쳐,선캐,쳐
연,보라,원피스
민소,매셔,링,원피스,체크
당일,완성,커플,드로잉,폰,케이스
프롬,유,이니셜,카드,지갑,실버,지퍼
골드,알파벳,이니셜,탄생석,써지,컬,체인,목걸이
오로라,다각,하트,스마트,톡,키링
데빌,첼시,부츠
에어팟,프로,가죽,케이스
주름,개선,눈가,주름,집중,케어,아이,크림,더블루,아,로션
커플,크로스,백,가방
하드,카드,공룡,커플
입점,인테리어,카페,액자,소중한,순간,예쁜,그림,일러스트
유니섹스,와이드,밴딩,슬랙스
클래,티,스웨,더,더비,슈즈,베이지
초코렛,쉬,샤워
맞춤,제작,가능,원목,코너,선반,공간,박스,수납,선반,정리,선반
스페셜,대구,순,살생,선까,스타,르,타르소스,수제,생선,반찬
커플,템,커플,팔찌,탄생석,써지,컬,팔찌
꿀벌,양말,인형
카타나,팔찌
오,일,프리,올인원,산뜻한,수분,공급,끈,적임,깃털,로션
팬아트,스타일,일러스트
주,문,폭주,작가,성비,갑,하트,거울,스마트,톡
천연,파이톤,가죽,종,명함,지갑,신입,취직,이니,셜,각인
약,산성,예민,피부,베르가,못,바디,워시
레오,브,피스,메이커,긴,팔,티,화이트,블랙
사이,즈,주,문,제,작,가능,클래식,체크,파우치
어쭈,구리,들뜨,개,스퀴,시
남성,사각,기능,성,건강,쪽,팬티
무,배단,품,꽃,시리즈,비즈,꽃,반지
해,맑은,구르,미,걱정,인형,별,가져다줘요
피아노,단,콘솔
손가락,눈알,뇌,초콜릿,세트
당일,발송,랜덤,썬,캐,쳐
수호,담은통쉐,미니,자물쇠,팔찌
임인년,검은,호랑이,띠,아기,덧신
나,만,없어,고양이
아이폰,플립,마블,대리석,톡폰,케이스,그립,커플
고급,블랙,마,잴,시스루,민소매,저고리
어린이집,수건,파우치,로,좋은,아담,사이즈
멜란,무지,폼폼,사계절,이불,세트,블루
에어팟,케이스,심플,리,텍스트,베이지
변색,없는,특,만원,올,써지,컬,하트,토글바,목걸이
밸,리스,고양이,치석제거,이빨,과자
쌍콤,체리,이니셜,커,스텀,키즈,운동화
캠핑,폴딩,박스,상판,확장,형
아카시아,원목,테이블,슬림,하고,긴,테이블
물,닿아도,되는,아리아,반지,색실,소원,반지
트리케라톱스,퍼즐
당,일,배송,웨딩,무배,투,웨이,진주,드롭,낙엽,귀걸이
사이즈,하트,드로잉,편지지
개,세트,약,산성,샴푸,바
팝아트,팝아트,인물화,팝아트,감사패,추석
이벤트,보들보들,과일,파우치,사이즈
레몬,청,레몬,차,이드,수,제청,과일,청,세트
캘리그라피,압화,액자,축사,어버이날,스승의날,상견례,감
당일,발송,이니셜,각인,가죽,커플,팔찌
로고,자수,오,버핏,기모,맨,투,맨,티셔츠
큐빅,에어팟,프로,젤리,케이스,보석,에어팟,프로,케이스
우드,유라,이크,악세사리,더블,크리스탈,수납,장
나비,타이,곰,전자,알람시계
소프트,워싱,퓨어,린넨,쿠션
펄,메탈,콜라주,포토,액자
레터,링,돌,반지,보관,함,정리,함,미니,보석,함,탯줄,도장
특,퀼트,필통,화장품,파우치,폰,지갑
출산,붕어빵,오가,닉,아이보리,아기양말

송이,비누,꽃다발
모로,칸,리얼,로,즈,장미,샤워
현관,자석,마스크,걸이,수납,선반
할로윈,쫀득,단호박,찰,꿀빵,개입
메세지,이니,셜,각인,체인,커플,팔찌,써지,컬,스틸
컨,베이,디,퓨저,리필액
아이폰,플립,마블,대리석,그립,골드,톡,폰,케이스
동,물자동차,원목,장난감
아이폰,추가,무배,올,써지,컬,곰돌이,폰,케이스,스트랩
인간,화환,이벤트,결혼식,개업,환갑,부모님
화이트,블랙,자개,나비,코팅,볼,목걸이
아낌없이,듬뿍,담은,수제,딸기,요거트
답례,품,센스,감성,가득,하바,리움,볼펜
페라리,스니커즈,블루
나,만의,그림,느낌있는,선,드로잉
씨엘,엔들,리스,호,리즌,커플,나무,시계
대,두,쿠션,형대,형
불편한,맞춤법,티셔츠,재밌는,쓸데없는,친구
우리,아가,린넨,자수,스카프,케이프
당일,출고,아나운서,협찬,육,각,마블,앤,틱,호,마이카,귀걸이
생활,한복,황금,나비,투,피스,생활,한복
명란,대게,장,밥,도둑,끝판,왕,수제,반찬
중,프리저,브드,수국,수국,꽃다발,색상,종
버터쿠키,답례,품,쿠키
마블,대리석,레터,링,에어팟,버즈,케이스,키링,프로
폴란드,즐로티,하트,문,양,동전,은반지
미니,큐브,캔들,개
스왈,큐빅,하트,시계,팔찌
미니어처,족발,보쌈,상차림
시,카,사포닌,샴푸,바,가려운,건조한,순한,촉촉한
학습,용,방수,포스터,한글,알파벳,숫자,아이방,포스터
봄,소풍,아이템,어린이,유아,미아,방지,팔찌
심플,라인,에코,백,가방,블랙,아이보리
유치원,성장,스토리,보드,절
랄라,바니,롤,티슈,커버
아이즈
체리,프렉클베어,투명,젤리,폰,케이스
제주,무궁무진,좋은,감귤,백김치
메추리,알곤,약,야채,조림,반찬
연꽃,향기,고무신
입점,찬스,세련,미,철철,카드,지갑
인간,화환,인형,꽃다발,커플,스마일,꽃
하늘,에서,종소리
실속,수제,마른,반찬,세트
여기,딱,다용,원목,서랍
남성,캐,주얼,더비,슈즈
손,뜨,개,토끼,키링,휴대폰,줄,인형
계란,한판,모형,머핀
호피,무늬,골드,레터,링,케이스
곰돌이,캔들,테디베어,집들이,오브,제,캔들
핸드,메이드,토끼,인형,마음,당,근,케이스,증정
방수,스티커
맛있게,쌉싸래한,너,맛,보여줘,곰취,장아찌
파프리카,비누,만,타임세일,중,막걸리,오트밀,핑크,클레이
뛰,뛰,빵빵,카드,지갑,반짝
모던,심플,에어팟,케이스
자유,문구,할로윈,랜드
페어리,랜드,치마
구름,유모차,딸,랑
클리어,슬,라임,액체,괴물,액괴,개강,개학,집콕
드로잉,맛집,무엇,이든,그려,보살
프리저,브드,따뜻한,용돈,박스,목화,송이
파사삭,꿀,달고나,봉
소,띠,호랑이,띠,출시,태명,포인트,셋트
한정,수량,강화,약쑥,수제,비누
디자인,경사,책꽂이
반,지갑,큐,즈,통,가죽,블랙
집들이,아로마테라피,기프트,세트,우드,버너,아로마
출산,흰소,슈트,후드,티
실버
무료,배송,데이지,버즈,라이브,프로,케이스,버즈
신,내린,장수,명,월초,당뇨,초
카드,명함,지갑
써지,컬,스틸,십자가,목걸이
우리,가족,가훈,족자
냅킨,아트,핸드폰,거치,대
행운,클로버,써지,컬,마스크,스트랩
신규,향,출시,다미,움,핑크,로,즈,디,퓨저
생화,꽃,정기,구독,회,계절,꽃,가을,꽃,화병,꽃
센스,있는,봉투,로,시선,강탈,어버이날,용돈,돈,봉투
개,돌파,구루미,써지,컬,하트,자개,목걸이
월,반려동물,강아지,인식표,이름,표,네임택
차량,용,포토,방향,제,커플,액자,사진
재구매,각질,때,비누
스마일,에어팟,케이스,파우치,스마트,키,케이스
엘린,베베,아기,유아,피카,부,잘자,수면,조끼,자수
플립,각인,커,스텀,블랙,체인,스트랩,폰,케이스
리뷰,만점,펜,흘림,레터,링,전차,스,스티커,커플
강추,버블,배,쓰,밤,거품,입욕,제,세트
모,달,프렌치,플라워,손수건,스카프,컬러
당일,발송,단독,아로마,보습,거품,입욕,제,배스,밤
하트뿅뿅,케이스,플립,가능
무료,스티커,제,작,얼굴,사진,문구,레터,링,캔들,데코,초
소량,주문,제작,문구,축하,답례,스티커
숨바꼭질,가득,토끼,커플,바디,주문,가능
체크,똑,딱이,카드,지갑
베이직,브라운
퍼플,레인보우,문스톤
해바라기,꽃바구니
힐링,클렌저,워,셔블클렌,징,오일
프롬,미,이니셜,키링,카드,지갑
수상작,수호천사,호랑이,소나무,폰,케이스
프리저,브드,무지개,안개,꽃다발,레인보우,안개
빈모,샴푸,약초,샴푸
레터,링,케이크,캔들,곰돌이,초,증정,리뷰,머리띠
매듭,공,낚시,대,고양이,장난감
굿바이,비염,공기,정화,천연,밀랍,캔들
교육,용,여우,추벽,시계,여니
무배,미니,꽃,풍선,생신,환갑,칠,순,이사,프로포즈
노랑,해,그립,톡톡,스마트,톡,친구,커플
폰,케이스,클리어
데스티니,프레셔스,지브라,남자,나무,시계
해리,엇,광안,메쉬,로,즈,골드
코뻥,느릅나무,즙
기본,중,기본,딱,붙의,정석,핫,피스,귀걸이
아로마,시리즈,딥슬립,로,즈,스프레이,코튼,향
네이비,큐빅,언,발,드롭,귀걸이,귀,찌
마그넷,차량,용,석,방향,제
다용,소,가죽,자,석,홀,더블루
인형,전통,병풍
용돈,박스,플라워,박스,카네이션,프로포즈,반전,용돈
팅커벨,헤어,밴드,베이비,밴드,자,수,머
고객,님,제일,났죠
원목,현관문,우산,걸이,양산,걸이,자석,부착
천연,비타민,생,오미자,즙
끌,레드,물방울,앞치마
번역,오류,티셔츠,재밌는,웃긴,티,친구,가족
휴대,용,비누,레고,비누,공룡,비누
멀,바,우,원목,평상,형,침대
간결한,반,지갑
스칸,디아,모스,틀,공기,정화,식물,테이블,소품,인테리어,천연,이끼
대,용량,밀크,티,베이스,홍차,아쌈

주문,제작,포토,에폭시,스마트,톡
페니,로퍼,블랙
할로윈,스티커,주문,제작
커플,무료,배송,운동복,러브,미,포토,인형
뽀,샤시,생리대,라이너,시크릿,파우치,생리대,파우치
후회,없는나만의,감성,그림,일러스트
내,손안,바다,리얼,파도,폰,케이스,폴드입
원,조,주름,스틱,기능,성,다리,미스틱,눈가,쓰윽하,면,끝
돌잔치,백일,가능,첫돌,떡,답례,품,일러,포토,스티커
월,기획전,행성,원,석,귀걸이
엣지,라운드,평반
말티즈,버즈,라이브,버즈,프로,버즈,에어팟,버즈
플랩,에프,제리코,로퍼
나도,주인공
마스크,스트랩,어울리는,지르콘,써지,컬,목걸이
빼빼로데이,스티커,주문,제작
조카,마크,라,메,우드,쪽쪽이,클립
슬,라임,랜덤,박스
유니섹스,와이드,스웨,트,트레이닝,팬츠
반스,밀리터리,커,스텀
수제,네일,팁,솜사탕,하늘
고소해요,호불호,없는,수제,궁채,나물,들깨,볶음
실버,베이직,볼,목걸이
이니셜,각인,원목,센스,홀더,포장,무료
금침,수정,호안,석,천연,원,석,금전,운,액막이,행운,남녀,팔찌
베어,세트,베어,밴드,베어,슈트
닦아내는,토너,장미꽃,수,밸런싱,토너
토우,링
마다의,미니,다쿠아즈,세트,월,일화,발송
캠브리지,클래식,로퍼,블랙
린넨,에이프릴
보름달,키링
공,짜시음,주문,여기,서,계정,병,최대,회,주문,가능
동백꽃,마스크,스크랩
당일,발송,이니셜,각인,커플,반지
단독,이애,그,널,롱,원피스,화이트
써지,컬,무,니켈,데,일리,이어,커프
매듭,줄,손잡이,공,로프,토이
주문,제작,에어팟,케이스,프로
플립,입고,갤럭시,아이폰,보,카시,체크,톡폰,케이스
미니,수수,빗자루
핫팩,케이스,데,라,핫팩,포함
상품,도트,파우치
플라워,젤,캔들,홀더
마르,카토,릭,스머프,남,여,공용
아,삭,총각김치
볼때,마다,기,분업,손안,카드,지갑
래브라도,라이트
참,좋아,커플,이니,셜,팔찌
해풍,맞은,쪽파,로,담그는,달,싸한,파김치
최우수,작가,상,어린이,공기,대접,세트,토끼
애플,워치,시계,줄,밴드,밀레,니,즈,루프,메탈,스트랩,이니,셜,각인
세리,엘,미니,인형,사탕,비누,꽃다발
빗살,무늬,실,반지,심플,레이어,드링
할로윈,아이싱,쿠키
라라,자수,핀
라,벤다,버터플라이,버즈,프로,버즈,케이스
달,하늘,그립,스마트,톡,폰,케이스
투톤,오일,풀업,천,연,소,가죽,폰,케이스
자작나무,각인,수제,공,다이어리,수첩,노트
애플,워치,스트랩,클래식,고트,가죽,밴드,포레스트,그린
무료,배송,사과,햇살,애플,워치,스트랩,파우치
미니,하트,링
실버,바,일자,얇은,스틱,귀걸이
마르,카토,특,판매
캘리,꽃,피어싱,이어,커프,종
프릴,셔츠,스커트,블랙
태명,자수,배냇저고리,종,출산,세트
차출,시,천연,소,가죽,단,여자,장,지갑
스티커,어린이집,축하,답례,품,주문,제작
무배,남녀,공용,써지,컬,믹스,체인,모던,팔찌
할로윈,데이,스티커,포토,답례,품,포장
성,수,수제,화,레트로,엣지,골드,라인,시크,앵,클,부츠
커,스텀,전신,캐릭터,커플,굿,즈,에코,백,토트,백,가방
특,이태리,폴라리스,투톤,옥스포드
블랙,쇼츠,인형,옷,입니다
스페셜,국내,산,꽃게,순,살,양념,듬뿍,밀,키트,반찬
카드,지갑
아이폰,라인,케이스,폰,케이스,미니,멀,타투
감성,편지지,햇살,품은,구름,하늘
반응,폭발,흑,청,나비,동양,풍,궁,중,귀걸이,귀,찌
써지,컬,블랙,실버,바,목걸이
바로,배송,엘리자베스,맘앤,키즈,네이비,코튼,원피스
급,천,연,담수,진주,원
곡물,스크럽,때,비누
전통,매듭,책갈피,세트
의상,제한,없이,넘,잘,어울리는,메리제인
감성,조명,라,탄,스탠드,전,구포함
심플,링,이어,커프
무배,써지,컬,베이직,각인,반지,호
다시마,찰랑,머리,결,약,산성,찰떡,비누
돈,병풍,생신,환갑,칠,순,팔,순,용돈,봉투,돌
베지터블,소,가죽,미니,슬림,카드,지갑
결혼,용돈,축하,봉투,내,스타일,로,가즈,아
미니,반,지갑
타조,깃털
슬,라임,종,랜덤,박스,액체,괴물,집콕
입점,배추김치
주문,제작,손,그림,크로스,백,에코,백,끈,파우치
반지,구경
젤리,베어,스트랩,폰,케이스
아이폰,추가,무,배자,수정,나비,폰,케이스,스트랩
귀한로,즈,골드,컬러,추가,오로라,오팔원,석,체인,반지,써지,컬
마블,대리석,이니셜,흘림,체,폰,케이스
출산,붕어빵,오가,닉,핑크,아기양말
냉장고,인견,그레이,여름,이불
번,나눠,먹는,캠핑,용,소,포장,고추장
잔,멸치,볶음
스테인드글라스,빈티,찬장
화장품,파우치,미니,메이크업,생리대,파우치,가죽,립스틱
다솔,뱅쇼,시럽,무,알콜,뱅쇼,원,액
새벽,배송,특,수제,떡,꼬치,소스
마법,스푼,마법소녀,스마트,톡
든든한,끼,경북,영천,돈,돼지,바싹,불고기
당일,볶아,향,더욱,좋아요,백,연,근,차무,농약,연근
마르,카토,수,제,웰트,싱글,몽크
청량한,원,석,비즈,체인,토글바,팔찌
당일,배송,마틸다,레터,링,케이크
꽃신,박스,컬러,커플,전역
플립,아이폰,왕,진주,미니,진주,핸드폰,스트랩,줄
판매,위,주년,감사할인,손,새김,미니,도장
모발,두피,보약,방원,재료,쿨,샴푸,상,모,단,샴푸
상품,트렌디,니켈,콤비,스니커즈
석,채화,금,장,청색,대
갤럭시,폴드,가죽,케이스
소프트,코튼,캔디,슬,라임,새해,개학
왕실,사랑,에그,비누
찬란한,홀로그램,무드등,레드
석,채화,금,장,민트,소
버튼,오,블,리크,카드,지갑
펜,파우치
진한,꽃게,된장국
쫀득,마카롱,꼬,끄오리지,날
우아함이,있는,스완,투톤,커플링
굽,있는,라,탄,채반
베리,새,콤달콤폰,케이스,스마트,톡,레터,링,각인,플립
천,연석,아쿠아마린,목걸이
방수,스티커,쪼꼬,미사,이즈,혼합
정옥,민물,새우,통,으로,튀긴,새우깡
미니,조화,꽃다발,장미라,넌,큘러스
청양고추,부각,극,강의,매운,맛,중독,되는,맛
하트,쉐,커,키,링스,마트,톡
급,원,석,추가,알,사탕,원,석,목걸이,팬던트,귀걸이
세상,모든,두피,고민,해결,동거,동락,인색,샴푸,바,세트
다용,멀티,클립,탈,부착
올,써지,컬,커,스텀,레터,링,이니,셜,목걸이
보습,트러블,진정,자운,진정,밤
입,쏙,노,즈,워,크,간식,상어,시리얼
커플,무료,배송,사진,퍼즐
미니,튜브
하트,오로라,이니셜,쪽쪽이,클립
강아지,높이,각도,조절,식탁,각인,무료
치우천왕,반지
미니,양념,원목,주방,컵,선반
대,용량,아쌈,홍차,밀크,티,베이스
배색,소매,민화,모란,꽃,저고리,자켓,생활,한복
캡틴,진
리얼,착즙,사과주스
완,판행,진대,용량,조향사,만든,지속,력,최고
아,라,조,인형,레몬,베리
각인,가능,플랩,탑,가죽,다이어리,노트패드
컷,편지,커플,친구,부부,결혼기념일,편지지
약,산성,딥,멜로디,올인원,샴푸
커플,에코,백,가방
오동나무,상자
체크,오가,닉,턱,받,기,본,레이스
직업,군,폰,케이스,커플,합격,플립,출시
애플,워치,시계,줄,밴드,스포츠,루프,스트랩,이니,셜,각인
흑,모자,테,리본,도트,망사
분위기,수채화,캐리커쳐
꽃,리스,캘리그라피,액자
유기농,오,일로,만든,약,산성,약쑥,참,쑥
나이키,에어포스,카툰,만화,커,스텀,컬러,정품,신발,포함
무뚝뚝한,감자,뭉찌
월,금,작가,여,신,피부,뽀,샤시,깐,달걀,피부,황후,자음,단,셑
천,연통,소,가죽,크로스,백
담수,진주,코인,비즈,팔찌
월,촉촉한,동백꽃,크림,영양,크림
참,죽,원목,단,사이드,보드,거실,장
해리,엇,성산,실버,레이디
빅콘,체인,귀걸이,피어싱,귀,찌,전체,써지,컬,스틸
캘리,용돈,봉투,주,문,제,작,가능
돈,티슈,블링,핑크,추석,용돈,박스,부모님,돈,티슈,케이크
디자인,문패,사무실,현판,블랙,워커
콜라주,이니셜,에어팟,프로,케이스,커플
하늘하늘,꽃잎,시계
웨이브,파파,네이비,반,팔,티셔츠
엔젤,반,반,리본,집게,핀
이어,커프,작,큰,행
색감,색연필,인물화,초상화
브랜드,메탈,릭,삼각,스탠드,주,차번호판,남친
컬러,추가,뜨,개,로프,토드,백
핑크,로,즈,플라워,벌룬,분홍,장미,꽃,풍선
녹음,원피스
나,만의,커,스텀,토이,키카,쿠브,자석,피,규어
정,래,윤,오늘,반찬,하루,밥상,세트
미니,쌀,스쿱,쿠키
월,종,순면,기모,양털,벨,보아,넥워머,목도리,탄
포인트,토,스트랩,펌프스
써지,컬,스틸,미아,방지,각인,팔찌
생리대,기부,딥,컬러,이니셜,생리대,파우치,매직,파우치
고추장,마늘,쫑,짱아찌
리본,양털,망토
가정,용,캠핑,불멍,바이오,에탄올,난로
마르,카토,특,판매
수제,보늬,밤,조림
마끈,으로,만든,고양이,장난감,리필,초록,벌레
대충,그린,냥,그립,스마트,톡,폰,케이스,세트
감각,적,심플,라인,일러스트
소아,로다,데이지,플레이,트
쮸야,땡,초장,청양고추,다대기,만능,양념장
레이온,슬리브,리스,티셔츠
원목,인테리어,무,소음,벽,시계,샴페인,골드
인연,강하게,묶어주는,그린,칼,세도,니,물방울,목걸이
행복
새,콤,아,삭,마늘장아찌
강아지,큐브,케이크
무료,배송,특별한,사진,으로,대두,컷,등신대
하찮은,곰돌이,그립,스마트,톡
판매,위,엉,냥,마그넷,차량,용,마스크,걸이
제주도,푸른,밤,오르,골,자작나무,특별한,감성
튤립,디,퓨저
여행,가을,캠핑,휴대,용,화장품,파우치,트래블,키트
개,돌파,무,배구,루미,물방울,목걸이
라운드,토,로퍼,알리,브라운
소,즁,그린,다이아몬드,귀걸이
감사,멋진,다육,작품,플랫,분
꽃,그림,월,노래
어릴,적,어머니,끓여주신,전통,옛날,추어탕,팩
공작,깃털
각인,가능,지폐,수납,스트랩,목걸이,카드,지갑
용돈,박스,레터,링꽃,풍선
리얼,수세미,설거지,바,비누
수제,더덕,고추장
보테니,컬,쿠션,커버
플립,입고,해피니스,레터,링,젤리,폰,케이스,커플,아이폰
부모님,생신,신랑,반전,봉투,용돈,박스,토퍼
할로윈데이,호박,가방
걱정,인형,ㅡ,감자칩,좋아
담수,진주,팔찌
원목,책,거치,대,북,스탠드,북,선반,북,타워,도서,거치,대
빅,리본,실크,새틴,펌프스
웨딩,머메이드,라인,석,방향,제
특가홀스빗,장,식,로,퍼
nan
깔,끔,감성,라인,드로잉,일러스트
한정,판매,빈티,라운드,듀얼,카드,지갑,각인,무료
오픈,중,반려견,함께,일러스트
인생,진미채,무침
애플,워치,갤럭시,워치,스트랩,써지,컬,스틸,체인,에폭,하트
블레이드,투핀,귀걸이,귀,찌
사랑,이제,완성,하다,매듭,실버,커플링
수퍼,히어로,화이트
쌍,블랙,하트,원,터치,링,귀걸이
구희,발,편한,뒷,밴드,로퍼
유기농,쌀,과자,백미,배,떡뻥
스웨이드,처,커,부츠
넘버,스타,시크,블랙,이니셜,스냅백
바이,폴드,카드,지갑,핸드,메이드,영문,이니,셜,포장
클렌징폼,블랙,헤드,트러블,피지,여드름
트로피,칼,로우,웨지힐,샌들
백일,첫돌,답례,품,스티커,주문,제작
공룡,토퍼
반려동물,얼굴,드로잉,일러스트
상,시,하프,한판,비누,개,세트
베이직,웨,이스트,프릴,롱,드레스
하이네켄,꽃병,화병
정,래,윤,오늘,반찬,꽈리,고추,문어,조림
베이지,라인,숏,스퀘어,토,슬링,백,샌들
아이폰,출시,탄생석,별자리,우드,핸드폰,케이스
워머용,진한,캔들
주문,제작,일러스트,드로잉,편지지
감성,체크,식탁,매트,가을,맞이,인테리어
반려동물,커,스텀,에어팟,에어팟,프로,케이스
결혼,커플
원목,단,진열,대
체리,플레임,동전지갑
수퍼,히어로,블랙
입점,반사,글리터,원,컬러,디자인,수제,네일,팁
누빔,데,일리,에코,백,블루
어린이집,유치원,축하,답례,품,포토,형,답례,품,스티커
치킨,덕후,모여라,꼬꼬,세트
맑은,피부,위,투자,톤업,천연,해초,워,시,오프,팩
수퍼,히어로,레드
이태리,천연,가죽,스마트,톡,그립,톡,거치,대,이니,셜,각인
베지터블,소,가죽,편지,봉투,카드,지갑
시크릿,박스,담배,케이스
갤럭시,워치,액티브,시계,줄,밴드,스포츠,루프,스트랩
트러블,잠잠,끈,적임,없는,보습,아토,크림
이벤트,석,박지,김치,아삭아삭,무,깍두기
은침,혼주,왕,담수,진주,귀걸이
소,발톱,껌
웨딩,돌,답례,품,호텔,수건,자수,제작,매
유화,그림,색,연가
모,링,보습,비누
컬러,제작,동글동글,아크릴,비즈,우정,링
커플,등록증,포장
원목,발,받침,대
빠른,배송,커플,친구,사진,각인,무드등
스탈,리,첫,번째

자석,증정,토퍼,모음
축하,플래카드,행사,분위기
사계절,민들레,자수,진청,접는,소매,긴,팔,저고리
귀걸이,스타일,써지,컬,체인,마스크,스트랩,목걸이
아네모네,파우치
반짝,쁘띠,소,가죽,반,지갑
애플,워치,소,가죽,스트랩,밴드
낙지,젓갈,앵콜
러블리,스마일,미니,백,블루
르노,삼성,전차,종,스마트,키,케이스
시어버터,꿀,보습,비누
원목,원형,협탁,테이블,사이드,테이블,침대,협탁,카페,테이블
봉봉,몬스터,자수,이니셜,토끼,턱,받이,이유식,아기,침,받이
포르투갈,타일,대리석,케이스,스마트,톡,폰,케이스
숲속,작은,집,커플,개업,승진
강,추나,비탈,부착,써지,컬,마스크,스트랩,안경
시,루아,카스테라,앙,절미,구
월,탄생석,에메랄드,매듭,팔찌
퀄리티,남다른,영유,아,마스크,유기농,안감
마르,카토,오페라,하우스,리얼,타조
아크릴,레터,링,글자,글씨,스티커,감성,문구,방,꾸미기
월,제주,조,릿,대,비누
어버이날,카드,캘리그라피,엄마,딸아
무료,배송,플로,라,니트,플라워,손,뜨,개,귀걸이
할로윈데이,어린이집,사탕,답례,품,스티커
아뮈잔트,착한,성분,차량,용디,퓨저
다크,색감,투명,젤라또,카드,지갑
색연필,로,그린,반려동물,초상화,큰,액자
귤나무
무배,키덜트,미니,푸시,팝,버블,각인,네임택,키링,팝,잇
파스텔,비비드,날짜,픽,토퍼
퓨어,트윈,나비,에어팟,케이스
nan
전,기,종인,기뉴,컬러,밍크,폼폼,스트랩,폰,케이스
가죽,토끼,석고,차량,용,방향,제주,차번호판,카네이션
세이,리,시,향,테스,터,종,종
천,연,소,가죽,남자,카드,지갑,명함,지갑,종
깜,장,고냥이,여권,지갑
아망드,말차,쇼콜라
리얼,렌
핑크,쿼츠,솔트,규사,난사,크런치,슬,라임,오픈,액괴
티아,크리스탈,브이,라인,펌프스,힐
자수,네임택,어린이,네임택
걱정,인형,ㅡ,따뜻한,날,햇살,같은,너
꼬꼬,마,빼빼로,비누
성수동,수제,화,양,가죽,라운드,토,금,장,엣지,리본,펌프스
원목,화장품,정리,대
씨엘,헤이지,선라이즈,커플,나무,시계
토리,에어팟,프로,케이스,버즈,케이스
내,짝꿍,반려동물,애착,인형,함께,배경화면
대,용량,더치커피,바닐라,헤이즐넛
베지터블,가죽,동전지갑,미니,파우치
무료,각인,샤인,가브리엘,커플링,세트
가을,준비,남성,방수,스웨이드,더비,슈즈
파,올라,레이나,인형,옷,화이트,스완,아기,드레스
귀여운,내,새,꾸,반려동물,일러스트,인물,가능
흡착,방수,시계,무,소음,신형
이태리,비브람,스파이,크리스,골프,화
캐시미어,숄,가디건
초특가미,니,에코,백,가방,커플
월,탄생석,데,일리,가넷,원,석,팔찌
제이,엘,심플,카드,집
파,올라,레이나,인형,집,꾸미기,강아지,쿠션
특,클래식,라이트,브라운,옥스포드
실버,실버,실,반지,세트
반짝,실버,실,팔찌,심플,데,일리,꾸안,꾸
낙하,소매치기,방지,카메라,스트랩
반전,토퍼,용돈,토퍼,환갑,토퍼,반전,케이크
귀여운,리틀,토,피어리,친구
신상,귀여운거하나,알프스
시,그,니,처,미니,월렛
어흥,호랑,뜨,개,스마트,톡
유기농,쌀,과자,백미,떡뻥
화장품,정리,함,미니어처,스타일
지구,에게,사과,해,멀티,물,비누
휴대,용,더치커피,파우치
은침,급,기본,담수,진주,귀걸이
안녕,아기,야,토퍼,태교,임신,만삭,태명,여행
맞춤,제작,가능,원목,단,선반,정리,수납,선반,주방,정리,대
동결,건조,베지,칩스
여리,여리,커,팅,큐빅,반지
주년특,에버래스팅,로맨틱,선셋,커플,나,무시,계
블랙,섀,카드,케이스
라슈,소,가죽,올리비아,앵,클,부츠
크리스탈,비즈,담수,진주,목걸이,종
전체,써지,컬,스마일,볼,팔찌
당일,완성,커플,에어팟,케이스,버즈,케이스
자수,장갑
귀욤,플레어,베스트
힐링
에이치,원목,선반
아크릴,레터,링,무드등,개업
써지,컬,스틸,유광,무광,이니,셜,플레인,링
리뷰,최고,차량,용,포토,액자
리슬,한복,랩,스커트,황금,연화,양면,허리,치마,레드
폭주,습진,각질,수,솝,카렌듈,라,강아지,발,비누,샴푸
반려견,묘,미니,액자,맞춤
사진,벽,시계,불규칙,조합형
맞춤,제작,가능,원목,단,서랍,장,원목,서랍,장,정리,박스
기획전,정말,가벼운로,퍼
국산,알,배기,배추,겉절이,김치,국산,고추,가루
푸,포메,주,차번호판
마스크,걸이,분실,방지,현관,임택,보관,걸이,대,유치원
아르떼,수제,비누,가지,모음전,세안,비누
손잡이,거울
로,즈,쿼츠,스트로베리,쿼츠,은볼,팔찌
몸,가벼워지는,삼백초
너무,편한,데,일리,샌들,컬러
자수,체크,방수,파우치
플립,믹스,넛,스트랩,폰,케이스
행운,럭셔리,체인,실,팔찌
플립,전용,가지,영롱한,플립,레진,폰,케이스
스마일,인형,비누,꽃다발,킨더,조,추가
블루,화이트,딥퍼플,쓰리콤,비,스니커즈
오,베,방문,체족,서비스,일,부지역,실시,밀턴
정유년,파티,수,동전지갑
체커,보드,비즈,반지
수제,떡,맛집,쫀득,점보,찹쌀,약과,수능
성수동,수제,화,트윙클,슬링,백,힐
프랑수아,레이스,리본,커튼,집게,조개
탈모,완화,맥주,효모,약,산성,비누
재구매,율위,마약,스틱
피어싱,개,휘뚜루마뚜루,랜덤,실리콘,피어싱,귀걸이
캘리그라피,탁상,시계
왕,진주,스트랩,케이스
덴티드,커,스텀
제이든,키즈,어린이,앞치마,포레스트
국산,농부,고추,장아찌,무침,제철,농장,반찬
다크,브라운,지갑,케이스
일,발송,단,짠,꾸,덕,황,치즈,크,럼블
애플,워치,스퀘어,버클,케,비어,블랙,스트랩
한번,준비,케이크,포스터
멍,피자,강아지,피자
병시,키,면병,더,딸기,청,딸기,농부
컷팅,심플,물결,반지,실버
국산,농부,열,무단,배추,짜박,김치,제철,반찬
출고,포르투갈,식,에그타르트
터키석,앤,틱,반지
옷장,방향,제,프로젝트,제이,샤쉐
돈,케이크,생신,용돈,꽃다발,반전,토퍼
써지,컬,스틸,볼,체인,심플,데이지,목걸이
탄생석,반지
유니온,로지,레드,커플,나무,시계
무료,배송,더치커피,콜드,브루,원,액,세트
천연,껌,콜라겐,듬뿍,수,제,간식,무뼈,닭발,껌
혼술모듬숙회
색,색연필,싸인,펜,세트
무지개,사랑
테디,테디,즈,폰,케이스,후기,폴드,플립,아이폰
어린이,용,만능,볼
남여,공용,금수,오조원,룡보,곤룡포,수면,가운,와인,블랙
클렌,징,피지,각질,유기농,코코넛,마르세유,비누
턱,받이,헤어,밴드
실내,공기,정화,고양이,스칸,디아,모스,캔버스,액자
일,올,패밀리,거품,입욕,제,종
오가,닉,뼈,귀,삑삑,장난감
빈티,스타일,장미,보석,함
샤르르,실크,때,비누,세트
소형,화분,라,메리,선인장,블랙,화분
치명,적,땅콩,냥,항아리,땅콩,피,규어
만,개,돌파,섬유,향수,추석,커플
투,하트,써지,컬,목걸이
프리미엄,스티커,리틀,포레스트
러블리,프릴,블루,데님,팬츠
천연,원,석,터키석,반지
트러블,두피,진정,샴푸,컨디셔,너,패키지,단,품,같은,제품
할로윈,보타이
엘더꽃수,여,성,청결,제,데,일리,페미,닌워시
고양이,장난감,무당벌레,낚시,리필
드로잉,에어팟,커플,케이스,버즈,프로,선
시즌,아듀,세,일,아,토르,마유,비누
가을,한복,화랑,두루마기,남녀,공용,봄가을용
원목,귀여운,문패,개업,빈,센,조,협찬
빅사,즈,꿀잠,곰돌이,대시보드,주,차번호판
미니,곰돌이,탄생석,팔찌,발찌
귀염,뽀짝,손목,성게,알,핀쿠션
타일,거치,대,쥬얼리,악세사리,진열,대
라,탄,리스,스윗,판,타,니엘,라벤더
폭발,컬러,정품스왈,별꽃,크,롤러,시즌,귀걸이
무료,배송,천,연,담수,진주,초,커,써지,컬,마감
봄봄,커,스텀,운동화
플,향기,향수
천연,소,가죽,페니,로,퍼,브라운,블랙
월,양념,낙지,젓갈,저,염,숙성,반찬
한복,소녀,파우치
무지,화이트,스테인레스,머그컵
부모님,생신,생화,용돈,박스,첫,월급,부모님
반려동물,초상화,미니,자,석,내,새,꾸,굿,즈
자수,네임택,어린이집,답례,품,친구
올리비아,러플,랩,드레스,네이비
직접,키워,톡,쏘는,돌산,갓김치
유리,수제,초석,잠,장아찌
인테리어,벽,거울,화장,대,수납,형,원목,거울,소형
심플,러브,목걸이
플립,입고,아이폰,몽글,곰,토끼,폰,케이스
보고싶오,문구,변경,곰신,편지지
곰핀
레인보우,가을,겨울,아기,배앓이,방지,실내,복
푸,버즈,라이브,버즈,프로,버즈,실리콘,투명,케이스
단독,커비,브라,렛
로디아,메모,패드
사이드,테이블
꼬리치는,고양이,네로,시계,집들이
고블린,혼,라이트,브라운
세,일인,국,맛있는,수제,오징어,무국
자수,마스크,스트랩,마스크,목걸이
플랩,에프,제리코,스웨이드,슬립,온
몸매,관리,필수,파인,식초,파인,바나나,식초
주문,제작,실링,왁스,스탬프,나,만의,인장
우드,마스크,걸이,인테리어,소품
브라우니,종
대박,쪄서,볶은,귀리,분말,쉐이크
추석,명절,고급,수,제,꽃,약과,달구벌,한과
국내,제작,무료,각인,가죽,초음파,앨범,태명,스티커,임신
부모님,결혼기념일,토퍼웨딩토퍼
뷰티,레이스,쁘띠,스카프,가을
깜짝,할인데,일리,써지,컬,목걸이
전,국민,애견,간식,닭,가슴,살져,키
컬러,증명,그림나만의,그림,증명사진
진행중,행운,주는,오리,차량,용,석,방향,제
부모님,용돈,상품권,봉투,현금,파우치
증명사진,휴대폰,사진,인화
입점,기념,특별한,영어,이니셜,반지
차,앵콜,엑스트라,버진,에그,오일
한약,용돈,봉투,부모님,커플,생신,환갑
한정,판매,코튼,캔디,구미베어,라이터
샘플,패키지,드립,백,개입
웨,지스토리,중형,벤치
기하학,복조리,백,스트링,파우치
용돈,박스,다섯,가지,컬러,부모님
인형,한복,쪽,머리
실버,각,줄,유화,반지,이벤트
최우수상,미니,종,명품,수제,향수,친구
할로윈,호박,컬러,캔들
토이,비누,랜덤,디자인
로얄,로,즈,스퀘어,버클,플랫슈즈
할로윈,으스스,할로윈,묘비,점섞슬,슬,라임
세상,하나,뿐,훈민정음,반지
공기,정화,해주는,튤립
아르,벨,착용,감,좋은,발,편한,스웨이드,여성,로퍼
나,만의,이니셜,보조,배터리
기장,맞춤,낱,장,재단,뉴트럴,체크,울,포,멀,정장
블루,숄더,백,보헤미안,에스,닉,에코,백,가벼운,가방
핑크,바다,추상화,캔버스,그림
당,일,발송,포장,레터,링,케이크,케이크,캔들,생일케이크
작가,건강하고,안전한,와이,존,케어
은은한,새벽,노을,실버,커플링
리뉴얼,증명사진,웹툰,일러스트
애플,워치,스트랩,곱창,밴드,골덴,카키
베스트,가죽,포인트,데,일리,백,팩,그레이
걱정,인형,ㅡ,보라,순이
몸속,까지,아름다운,너,뷰티,차,국산,우엉,차
러블리,블랙,레이스,가방
홀로그램,장미,꽃다발,무드등,커플
꽃차,정원,메리,골드,꽃차
스티치,수제,천연,가죽,무지,다이어리,드로잉,북
가을,맞이,주말,알록달록,종,더치커피,세트
하트,프레임,에어팟,레진,케이스
천연,발효,통밀,베이글,종무,설탕,다이어트,빵
달력,캘린더,달력,우드,캘린더
비즈,반,사은,품,핑크,골드,써지,컬,탄생석,팔찌,발찌
나를,마그넷,으로,그려,준다고
봄,꽃,디,퓨저,차량,용,방향,제,답례,품
새,콤달콤,오미자,레몬,청,수,제청,어버이날
프리저,브드,예쁜,용돈,봉투,감사,축의금
멜론,티,라이트,캔들,개별,포장
한송이,튤립
스퀘어,기본,앵,클,부츠
아,이셔,신맛,수,제,캔디,입덧,캔디,졸음,예방
캔들,레터,링,케이크,캔들,생일케이크
실버,월,탄생석
쿨,블랙,반,팔,티셔츠
행운,해바라기,미니,카드,지갑,손바느질
고양이,장난감,알록달록,색깔,깃털,리필
독특,한식,감,철분,가득,오리,근,위져,키
빈티,레트로,자수,강아지,고양이,인식표,목걸이
무배,플라워,테디,목걸이,펜던트,써지,컬,신주,선택,가능
주문,제작,강아지,양,모,키링
아토
캠핑,용,우드,양념,통,캠핑,소품,친구,커플
자작나무,대형,독서,대,각인,가능
로온,큰,꽃,수채,그린,반,팔,철릭,원피스,철릭,원피스
행운,가득,클로버,토끼,목걸이
이벤트,폭탄,쿠키,꾸덕묵직르,뱅,쿠키,종
두,줄,깃털,롱,목걸이
용돈,화환,부모님
어성초,비누
포근포근,캐리커쳐
캐리커처,실사,캐릭터,증명사진,드로잉
마드모아젤,트,위드,아이보리,숏,저고리
수박,토핑밤,수박,향
향기,짱짱,실물,감탄,장미,햇살,미니,장미,꽃다발
핑크,그래픽,레터,링,텐셀,반,팔,티셔츠
펜,가능하이,베어오,또케곰
복숭아,사탕,크런치,슬,라임
뜨,개,토끼,다마고치,풀,커버,케이스
버즈,라이브,에어팟,케이스,버즈,케이스,플립,키링
트,위드,올리브
심플,마블,석,방향,제
주문,제작,캘리그라피,만년,도장
이벤트,폴라로이드,정품,사진,인화,데코,키트
핏,좋은,기본,삭스,부츠
드립,백,디카,페인,커피
김해,수,제청,리리,하우스,포장,항아리,년,숙성,매실,청,매,실액
가벼운,고양이,인식표,패,브릭,목줄,안전,버클,린넨,콩,리본
피부,보약,방팩,비누
단,품,대두,자석,내,원하는,구성,으로
끓임용,옛날,가마솥,햅쌀,누룽지
폭발,컬러,천공,구름운,귀걸이,목걸이,세트
포토,코인,방명록,결혼식,등
감성,캠핑,런치박스,머그,가죽,손잡이
성수동,수제,화,말,랑,파스텔,밴딩,플랫,로퍼
무료,각인,깃털,만년필,딥펜,세트,종
핑크,로,즈
그레이하운드,드레스,부츠
귀여운,곰,벽,시계,베니,화이트
가려운,두피,발,비누,동백,목초액,숙성
마르,카토,웨스턴,남,여,공용
농장,직,배송,꽃다발,스토리,필독
단독,미니,멀,셔츠,원피스
자개,액자
천연,소재,비누거품,망,친환경,제로,웨,이스트
해바라기,토스터,기,커버,티,매트
각인,무료,프리미엄,가죽,펜슬,케이스
슈베트,기하학,방수,식탁보,테이블,보
오늘,만,미백,트러블,완화,진주,들어간,방,비누
한국,전통,문,양,부부,수제,도장
순위,등,올리브,치아바타
마르,카토,드라이빙,로퍼특
너도밤나무,헤어,핀홀더,머리핀,정리,이름,자수,가능
데빌,아톰,샤크
여,성용,트렁크,사각팬티,밀도,바이오,워싱,수,순면
써지,컬,이니셜,플레인,링
컨트롤,종,세트,여드름,미백,토너,로션
제철,김치,양념,아낌없이,수제,쪽파,김치
하쯔,여름,마로,씰,스티커
담백하고,고소한,수,제,찹쌀,김,부각
쿠키,세트,손,뜨,개인,형,소품
할로윈데이,이벤트,마스크,포토,타투,스티커
신제품,출시,기념,이벤트,녹차,공갈빵
편한,운동화,성수동,수제,화

탁상,용,액자,커플,아기,가족사진,액자
자유,문구,용돈,머리띠
나무,반지,실,가락지
휴대,용,구슬,비누
신고,벗기,편한,로맨틱,뮬
국산,스테인레스,각인,컵
작약,피는,계절,원,석,매듭,팔찌
레드,퍼퓸,벨벳,리본,플랫슈즈
통통,카드,지갑
해리,엇,성산,메쉬,썬,레이
가죽,홍창,슬림,페니,로퍼,미디엄,브라운
만,세트,완판,조향사,만든,지속,최강,섬유,향수
신상,카빙로,즈,이어,커브,실버
탄생,꽃,에어팟,버즈,케이스,키링
하우,올리,유화,캔들,소우주
블랙,분또,언,밸런스,원피스
유모차,모빌,쪽쪽이,클립,세트
각인,무료,오블롱,링
뜨,개,무드등,전,구,갓
심플,각,티슈,커버
가을,신상,별,빛나는,밤,종,책갈피
천,연,소,가죽,담배,케이스,에쎄,슬림,형,라이터,수납,가능
부모님,밥,도둑,어리,굴젓,부모님
신상,오로라,차량,디,퓨저,결혼,돌,퇴사,답례,품
가죽,에어팟,케이스
시스루,안개꽃,플라워,레이스,커튼
착용,감,좋은,발,편한,소,가죽,남성,샌들
코튼,캔디,색연필,초상화
귀여운,꽃,에어,프라이어,밥솥,덮개
데,일리,어,글리,담수,진주,목걸이
미니,황금돼지,비누
한글,레터,링,돌,반지,보관,함,정리,함,미니,보석,함,탯줄,도장
핑크,골드,꼬임,반지
원목,접이식,테이블,거실,테이블
우리,건지,아는,그,슬립,온
퍼프,슬리브,숏,자켓,블랙
어,자,녹,샴푸,바,머리카락,지킴
덕질,템,아크릴,플레이어,무드등,커플,템
반려,묘,커,스텀,고양이,석,방향,제,차량,용
남성,시계,커플,시계,로만
무배,영롱,두,가지,색상,원,판자,개,팔찌
고급,터치,형,달무드등,보름달,크리스탈,수정구
예민,민감,피부,삼백초,비누
맑고,깨끗한,피부,위,국산,연,근,차
순차,발송,한정,수량,효자동,기정,떡차,발효,보자기
무료,배송,아,에어팟,세대,프로,케이스,커플
딸기,줄,개,왕,리본,하네스
실버,키치,악어,민줄,팔찌,악어,팔찌
무료,배송,포,시즌,쉬폰,블라우스,핑크
석,채화,금,장,적색,대
코인,액자,시계,이태리,여신,인테리어,액자

깔라,만시,비타민,폭탄,비누
비비드,트,윌리,쁘띠,스카프,목걸이
코지,면,앞치마
크로스,웨이,샌들
핑크,로,즈,조화,꽃다발
휴대,용,도넛,비누
리,필심,증정,유선형,우드,펜,무료,각인,각인,펜
통째,로,갈아,만든,배,호박,즙
백송,석,스트레스,불면증,특별한
신상,인물,포토,그립,스마트,톡
각인,가능,각인,애쉬,클래식,머니클립,지갑
답례,품,메리,라운드,캔들
마링앤,코코,수제,향수,비누
스마일,코듀,로이,스트,링,파우치
애플,워치,스포츠,밴드,버클,실리콘,스트랩
편백,원목,수납,형,벙커,어린이,서랍,침대
결혼,조공,답례,기념,행사,캘리그라피,스티커
오,알,에오스,웨스턴,부츠
수,제트,미니,뜨,개,카드,지갑
어디,서도,맛볼수,없는,궁채,장아찌
삼족오,시계
용돈,파우치,통장,파우치
스퀘어,토,앵,클,부츠
당,일,발송,특별한,수제,꾸,편지

플립,전용,베어,진주,체인,스트랩,폰,케이스,제트
체인,미니,하트
입점,엄마,손맛,그대로,청국장,찌개
최우수,작가,상,어린이,공기,대접,세트,고양이
화이트,블러,썸,귀걸이,귀,찌
남여,공용,플르트,반값
초대,박후기,무료,배송,조향사,만든,대,용량
참,죽,원목,루첸,단,서랍,장
무배초,커,목걸이,블랙,색상,달,여신
마블,무늬,공간,박스
파일,서비스,반려동물,스티커,강아지,스티커,고양이,스티커
골드,천연,담수,진주,형,피어싱
핸드,메이드,가죽공예,명함,카드,지갑
강아지,수제,간식,끼,비프,밥,자연,식
당,일,발송,대,용량,갓,성비,프리미엄,거품,입욕,제
클라우드,수제,슬,라임,액체,괴물,액괴
족,한정,마르,카토,스페셜,더비,특
원목,주차,알림판,호두,체리,히노끼,참,피나무
꿀,로,만든,유자청,수,제청,과일,청
전통,번개,문,은반지,실버
페니,로퍼
강추,고급,영롱,자개,나비,목걸이
문어,옥토,탯줄,인형
귀욤,곰돌이,석,방향,제,세트
로,멘틱자수튤,스커트,후기,이벤트
맛있는,명란,후리,케
드라이,플라워,차량,용,석,방향,제,포장
새,콤달콤,전통,디저트,금귤,정
토이,푸,커,스텀,석고,방향,제
당일,발송,악,건성,보습,더블,버터,바디,오일
무드등,아크릴,액자,맞춤,제작,캠핑,스토리
맞춤,제작,가능,원목,단,선반,멀티탭,보관,함,미니,협탁
가을,플랫,둥글둥글,귀여운,플랫,펌프스
커플,템,써지,컬,스틸,각인,팔찌,버클,우정,템
양면,포토,보조,배터리
별자리,원,석,소원,팔찌,커플,팔찌,원,석,팔찌,탄생석
폐,박스,로,만든,폰,케이스
고기,좋아,곰돌이,뜨,개키링
위드,썸,샘플,비누,시,향,부자,재
무배,곰돌이,목걸이,랜덤,박스,써지,컬
아스파라거스,토분,소형,화분
봄,소풍
라운드,가죽,책갈피
소,가죽,앞치마,버건디,고급,목공,방,앞치마,부모님
카드,지갑
물의,수정,펜듈럼
소,가죽,블랙,슬림,스니커즈
트리니티,비즈,반지
오독오독,오리,연골,강아지,간식
아이폰,문신,케이스,레즈,미,타투,폰,케이스
주,문,제,작,내츄럴,선반,거울
병,한정,새,콤달콤,레몬,청,수,제청
기린,형리,니
하나,뿐인인,드로잉,토퍼
라벤더,린넨,파우치
행사,초성,스마일,목걸이,커플,우정,미아,방지
캠브리지,세무,연,밤,패니로퍼
에어팟,버즈,케이스,마법,학교,몽실
폭팔,할로윈,쿠키,박스,단체,주문,최고
남자,여자친구,케이크,토퍼,토퍼,제작
휴대,용,종이,비누,봄,풀,내,음
수제,네일,팁,블루,하트
반려동물,축하,반짝반짝,폼폼,고깔,모자
하나,뿐,추억,간직,하세요
도톰,바삭,황태,치킨말이,수제,간식
직접,재배,몸매,관리,필수,수제,레몬,밤,허브,티
사진,인화,캔버스,액자,주문,제작
트,위드,슬링,백
골드,스트라이프,옥스퍼드
전체,써지,컬,팔찌,목걸이
스담,돈말,남편,용돈,토퍼,부모님,생신
이니,셜,마스크,목걸이
민트,오레오,퐁당,글루,올,오레오,점토,슬,라임,액체,괴물
변색,알러지,올,써지,컬,마스크,스트랩
한우,스틱,소형,특대,형,분리,불안,대형견,강아지,애견,껌
발그레,반려동물,일러스트
지오,소,가죽,시계,남성,용
여름,감기,미세먼지,배도라지,곰보,배추,농축액,병
매화,자개,스티커,옵션,선택
곰돌이,뜨,개,톡
차,출시,천,연,소,가죽,남자,반,지갑,콤비
판매,위,탄생석,써지,컬,팔찌,발찌,변색,없는
미니,꽃병,커피잔
러프,다이아몬드
부모님,환갑,용돈,토퍼,용돈,봉투,케이크,토퍼
가정,달,활짝,피어,난,카네이션,비누
책갈피,손글씨,북마크,캘리,책갈피,답례,용,과일,고백
발각,질,제거,무좀,타파,쑥,힘,발,전용,비누
운수,대통,행운,부적,팔찌
마르,카토,골프,화,레인보우
예쁜,추벽,시계,사슴
반찬,대,존맛,로제,미니,미트볼
심플,깔,끔담,수,진주,실리콘,써지,컬,귀걸이
아메리카노,맛,강릉,커피,사탕,유기농,비정,제,설탕
쭈꾸미,듬뿍,연포탕,수제,밀,키트,반찬
내,맘,대로,폰,케이스
무배,최고,유자,씨,에어팟,케이스,키링
명란,꽈리,고추,장조림,수제,반찬
병,한정,석류,청,수,제청
희락,칠보,순은,라피스,라,즐리,호안,석,매듭,팔찌
디,에이치,우드,애플,워치,스트랩,밴드,각인
캐모마일,휴대,용,비누
걱정,인형,ㅡ,곱슬곱슬,곱슬,머리
파파,브라운,단,스토리
그대,만의,밀크,티,베이스,홍차,얼그레이
바나나,큰,거실,다크,브라운,유리,나무,무,소음,시계
빠른,발송,병,전국,판매,위,딸기,청,수,제청
디,에이치,원목,갤럭시,아이폰,우드,케이스,각인
브라운,디,퓨저,실내,방향,제,화장실,집들이
캘리그라피,포장,쇼핑,백
묵직한,팥,찜질,팩눈,찜질,냉온,찜질
연보,라,웨딩,부케,셀프,웨딩,스냅,촬영,결혼,화병,꽂이
자유로운,영혼,티셔츠,맨,투맨,후드,티,제작
밀,호밀,원,스트랩,백,사이즈
생활,한복,민들레,철릭,원피스,덧,치마,개량,한복
양말,같은,유연함의,보니시,스니커즈
내,맘,대로,컬러링,매듭,반지,레이어,드링
무배,써지,컬,대왕,돌고래,꼬리,목걸이
손,하트,편지

쏘엘,레인보우,바스
콜드,브루,더치커피,더치커피,원,액
순천,매실,로,만든,스크럽,얼굴,바디,올인원
꽃,자,수,아사,면,운전용,팔,토시
신상,출시,데,일리,프라이머리,큐빅,귀걸이,실버
심플,레터,링,이니셜,폰,케이스,커플,아이폰,플립
당김,없,이촉,촉,민감,성,클,렌,저,그린티,맑은,폼,클렌저
서해안,월곶,포구,양념,게장,국내,산
자작나무,신,명조,문패
마운틴,센스,홀더
샴푸,바,골라,담기,종
심플,볼,귀,찌,이어,커프
골든,레트로
샤쉐,방향,제,리필,옷장,신발장,화장실,차량
동결,건조,소간
플,래,너
블랙,헤드,피지,관리,저,자극,클렌징폼
패디,가능,트윙클,힙,네일
에게,루즈,후드,티,블랙
마르,카토,페니,로,퍼
하루,발송,귀,욤,드로잉,일러스트,그림,캐리커쳐,커플
못,실버,목걸이
무,배가을,스왈,진주,비즈,꽃,반지,탄,커플링
스툴캄포
꽃,풍선,토,퍼생신토퍼,토퍼,케이크,토퍼
심플,무드,볼드,스트랩,체인,폰,케이스,플립,아이폰
일,타,쌍피,심플,일러스트
반려,묘,고양이,차량,용,방향,제,주문,제작
라벤더,진정,밤,대,용량,트러블,진정,좋아요
매니아,청,라임,청,수,제청
남친,스페셜,파이톤,스노우,블랙스완,클러치
딥,멜로디,트러블,항균,방식
성,수,수제,화,벨벳,로고,로퍼
설거지,비누,설거지,바디,쉬바
나무,인형,치파오,작은,아씨
맞춤,제작,나,만의,맞춤,앰플
퍼,니데,일리,나,만의,우드,세대,에어팟,케이스
없었던,일로,맷돌,호박,차,티백,차
캘리,리스,형,감사패
갤럭시,아이폰,전기,종,나비,스트랩,폰,케이스
하나,더,차량,용디,퓨저
입점,캘리그라피,자개,봉투,용돈,봉투
구르,밍,탄생석,보석,반지
신상,꽃,써지,컬,마스크,스트랩
파,올라,레이나,인형,옷,메디치,퀸,원피스,드레스
커플,감성,뿜뿜,소,중,캘리,상자,할로윈
해리,엇,서해,메쉬,실버
감칠맛,단,짠,수제,소고기,장조림
당일,발송,이니셜,각인,슬림,커플,팔찌
실루엣,레터,링,텀블러,커플
꽃,수,예,한국,고무신
순,살,간장,딱,새우,제주도,딱,새우
가죽,반지,세트
사은,품,미니,은볼,귀걸이,종
강아지,수제,간식,오리,야채,스틱,치즈
주,문,제,작,반려동물,미니,미키,링
소,니,엔젤,토끼,된,소니
무형,광,엠보,가제,손수건,세트
레터,링,티아라,꽃,풍선,브라,더,샤워,파티,꽃다발,결혼
미니,촛농,캔들,오브,제,인테리어,소품
라,탄,코스터,증정,라,탄,조명,전,구포함
베어,그립,톡

영,아유,아,신생아,세,부터,유기농,입체,마스크
할로윈,랜드
너,에게,주고,파,양면,손목,가방,곱창,증정
초특,퓨어,오로라,귀걸이,피어싱
꽃,나비
어성초,숯,쉬,샤워,등,드름,피지,녹이기,지성
플립,가능,무료,배송,진주,플라워,은은한,체인,케이스
사과,손,뜨,개,인형,장난감
월,탄생석,가넷,실버,목걸이
수상작,오색,찬란,코리아,에어팟,에어팟,프로,민화,케이스
아빠,비누,체험,샘플
수,아사,무지,차렵,이불,피치
봄,나비,투핀,귀걸이,피어싱,이어,커프,써지,컬
젤리,공룡,커플,폰,케이스
은반지
스마,일링
색연필,일러스트,명함,고객,맞춤,형
포레스트,일월,라,탄,과일,바구니,채반
패치,실켓,숏,팬츠
무배,실버,귀욤포텐,다람쥐,펜던트,목걸이
카메라,모양,렌즈,캡홀더
어서,서른,처음,이지,계란,한판,토퍼
우리,밀,무화과,크림,치즈,천,연,발효,빵
신제품,아르,비,앙,거품,탄산,마블링,배,쓰,밤
리뷰,내,맘대로,아이패드,노트북,파우치,색상
흑단,나무,반지
사계절,핸드폰,가방,폰,케이스
그레이,체크,에어팟,케이스
까지,무료,빈티,골드,드로잉,일러스트,캐리커쳐,액자
과일,모자,쓴,병아리,하리
프리저,브드,반,하늘,장미
우드,비누,건조,트,레이
풍기,인견,때수건
파티,배너,현수막,토퍼,세트
신규,향,출시,다미,움,옐로우,로,즈,디,퓨저
애플,워치,스퀘어,버클,고트,카푸치노,스트랩
토이,비누,답례,품
빠른,배송,알,배기,겉절이,새,김치,참,맛,국산,고추
투톤,볼륨,데,일리,백
포핀스,칠보,꽃,피어싱
포토,대두,인형,얼굴,키링,동물,쿠션,강아지,개,시바견
리얼,간편,생선,구이,구,운,보리,굴비
자극,없는,때,타,올,오,닉,면,매끈,샤워,타,올
쿼카,인형,꽃다발,정품
할로윈,풍선,랜드,기간,중
실버,골드,기본,링,귀,찌,귀,찌
블루베리,시나몬,랜드
금돌캣,솜,뭉치,종,장난감,패키지
순창,고추장,불고기
카키,코듀,로이,복조리,스트링,파우치
오,리지,널,달고나,오징어,게임,할로윈,슬,라임,액괴
맛있는,신선,숯불,김봉
그,조,틱,스카프,겸,다용,패,브릭
해외,작품,사,피아노,검은색,가죽,애플,워치,스트랩,세대
다시,봄,카렌,실버,세,송이,루비,사파이어,매듭,목걸이
시나몬,크로,플,슬,라임
우주,신,비서,컬,팔찌
향,주머니,사,쉐
기획,정상품,원목,멀,바,우,작,크,칸,서랍,장
종이,토퍼,초음파,만삭,촬영,태교여행,토퍼
소아,암,백혈병,아동,기부,후원,무궁화,꽃,팔찌,써지,컬
카라,뜨,개,카드,지갑
쿠폰,증정,엥겔,실,반지,신,규격,링,게이지
한복,그레이,스트라이프,겉,저고리
무료,배송,각인,써지,컬,반지,커플,우정
랜덤,스마트,톡,증정,그려,낸,탄생석,그립,스마트,톡
행운,나,에게,스며든다,자개,돌고래,퍼타이트,실,팔찌
걸거나,세우거나,벽,걸이,선반,달린,원목,거울,대형
주문,폭주,하루,완성,커플,드로잉,그림
센티,자,달,요람,향수
싸,템,포토,어깨,띠
카드,수납,핸드폰,카드,지갑,화장,거울,목걸이,폰,케이스
자작나무,무,소음,시계
클래,티,누벅,브라운,비치,샌들
더비,소,가죽,로퍼,블랙
타일,화장,대,소품,진열,대
무,소음,도자기,시계,키친
출고구,만원,팩,정통,프랑스,마카롱
월일,부터,발송,야채,듬뿍,감자,샐러드
자수,똑,딱,핀
미니,약과,티,라이트,캔들,구,세트,감사,답례,품
앞날,기원,하는,호안,석,오닉스,천,연석,남성,팔찌
팔레,뜨아,스위트,복조리,숄더백
청비,오일,코편,한밤,코뻥,코,막힘,휴대,용
레터,링,생화,해바라기,한송이,다발
바이올렛,진주,프레임,내,발,주목
무배,귀걸이,귀,찌,목걸이,랜덤,박스
고무나무,원목,서랍,장,자연,친,화,적,코팅
가치,비누,머릿,기름,비듬,케어,우엉,샴푸,비누
커,스텀,레깅스,커플티,단체,티셔츠
열,빙어,미,강아지,수제,간식,애견,간식,고양이,간식
옐로,실크,방울방울,목걸이,스카프,실크,트,윌리
반려동물,수제,간식,강아지,쿠키,쿠키,노,즈,워,크
플립,가능,핸드폰,줄,목걸이,폰,케이스,스트랩
여친,데이지,향수,차량,용,방향,제
참,트루,특별할,인씨,뺀,수제,레몬,칩,자몽,칩
히알루론산,젤클렌저
일출,휘,낭시,종
유기농,민감,성,트러블,빠른,수분,공급,얼티,메이트,미스트
이벤트,주,문,제,작,엽서,이름,행시,캘리,주문,제작,엽서
소,미,레이스,네이비,철릭,원피스,생활,한복
초실,가죽,믹스,매듭,팔찌
토퍼,복고,못난이,환갑,칠,순,생신,케이크,토퍼
상,시,키링,열,쇠고리,옹,동이
더,홍삼,건강,꿀청,병,세트
재구매,위,순수,꿀,치즈,피자
치,펠레,가죽,항아리,미니,지갑
체리,프린트,추가,중,거즈,체크,트,오가,닉,턱,받이
실버,레터,링,반지
어린이,용,팬,접시,얼굴
플립,그레이스,보석,스트랩,폰,케이스
꾸,덕묵직,점보,쿠키,종
무배,레이,엘,꽃,레이스,귀걸이,귀,찌
하트,그림,시들지,않는,레드,미니,장미,꽃다발,캔버스
아쿠아마린
플라워,돈,케이크
신제품,출시,기념,이벤트,납짝,공갈빵
보틀,커버
뱀피,패턴,메탈,로,퍼,베이지,드라이빙
실버,엔틱,유화,꽃,은반지
핑크,골드,모던,블랙,목걸이
클리어,런스,세,일,플라워,무드등
이니셜,복,주머니
결혼,웨딩,무드등,특별한
아코,야,진주,물방울,다이아,목걸이
머메이드,뜨,개,카드,지갑
아기,곰,목걸이
써지,컬,스틸,터키석,컬러,비즈,목걸이,종,선택
생화,동글동글,귀여운,화형,가진,브라운,퐁퐁,소국
멋지고,세련된,레오파드,캐리어,가방
진,스트릿,한복,셔츠,조거,팬츠,화이트
예쁜,추벽,시계,구름
무배,써지,컬,미니,물방울,목걸이
원목,엔틱,화분,받침,대,미니
블랙,마킹,가죽,이니,셜,카드,지갑,명함,지갑
이니,셜,토끼,애착,인형,키링
원목,책꽂이
커플,가족,친구,추억,드로잉,키링
당,일,발송,이벤트,주문,폭주,중,커플,우정,심플,드로잉
가을,강추,버튼,트,위드,펄드롭,귀걸이,귀,찌
따뜻한,분위기,아이보리,식탁보,기본
범퍼,홀로그램,범퍼,포토,폰,케이스
밸벳,스트링,포인트,블랙원피스
콘크리트,오메,트릭,벽,시계
온,어스,드레스,퍼퓸
리뷰,이벤트,귀염,뽀작,반려동물,일러스트
생활,한복,퍼플,여름,치마저고리,세트,개량,한복
무료,배송,디,핑크,투하트,카드,지갑
치석제거,오리,목뼈,강아지,간식
원목,미니,단,레일,서랍,장
후드,끈,커,스텀,오,버핏,후드,티,커플티,단체,티셔츠
사랑,해수건
사주,함께,하는,소원,팔찌
라푼젤,벽,거울
갤럭시,워치,각인,스트랩,워치,액티브,메탈,밀레,니,즈
캘리그라피,비누,꽃,액자
써지,컬,스틸,뱅글,커플,팔찌
걱정,인형,ㅡ
초코,라떼,최강,보습,비누
평화,소녀,상,확산,프로젝트,위안부,피해자,할머니,후원,팔찌
플립,입고,난리,나,이모지,투명,젤,하드,케이스
세미,와이드,핀턱,슬랙스
달걀후라이,스마트,톡,폰,케이스
연꽃,단주
코로나,차량,용,송,풍구,디,퓨저
과즙,팡팡,헤어,핀,펜
가을,체크,애플,워치,스트랩,갤럭시,워치,스트랩
트러블,피부,필수,템,트러블,콕콕,스팟
각자,흐린,날,유화,폰,케이스,독특한,질감
버즈,출시,댕댕,하드,케이스
체리,네트,카드,지갑,키링,추가,가능
네이처,테라,피,샤이닝,미백,약,산성,핸드,메이드,솝
월,자동차,번호판,키링,친구
정성,가득,사랑받는,예,단,액자
엘다,원목,스틸,책상
늘솜,꽃신,박스,플라워,박스,상자,전역,곰신
실버,골드,한글,반지,자음,모음
감성,뿜뿜,라,탄,디,퓨저,오,너,먼트,스틱
카키선염,앞,주머니,손가방
포젤,푸,포도,젤리,푸딩,슬,라임,액괴
런칭주년특,애플,워치,우드,스트랩,타입
그레이하운드,찰스,스니커즈
상품,김씨,파,빠르,카드,지갑
웃어요,스마일,쌀,카스테라
조,절기,증정,써지,컬,각인,애플,워치,메탈,스트랩
입점,기념,미니,화환,무료,고급,포장,자유,문구
솜사탕,트,위드,지퍼,형,카드,지갑
큐빅,라인,드롭,귀걸이
이벤트,심플,드로잉,폰,배경,프로필
월,닦,토용,스팀,스킨,미스트,처럼,뿌리세요
에어팟,프로,이니셜,각인,가죽,케이스,커플
주문,폭주,소원,성취,실발찌,종,세트
나,만의,배색,스트링,파우치,미니,크로스,백
원목,꼭꼬핀,벽,걸이,후크,마스크,걸이
데스크,미니,사다리,수납,박스
버즈,출시,하트,버니,에어팟,케이스,뜨,개,버즈,케이스
신제품,북커버,무지,성경책,커버,북,파우치
포인트,빅,리본,머리띠
데,일리,템,담수,진주,귀걸이
단독,구성,그대,만의,밀크,티,샘플러,종
코너,지퍼,월렛
소방관,기,동복,파우치,임용,승진
카빙,패치,반,지갑
심플,스티커
날짜,각인,써지,컬,각인,플레인,링
오가,닉,원단,애,양,애착,인형
무료,각인,카메라,메모리카드,케이스
연어,말랭이
최고,맛,하세요,파우치,커피
츄럴,골드,천연,파이톤,미니,카드,지갑
실물,깡패,미니,크로스,백
차단,슬라이드,각인,카드,지갑
신축년,소,띠,아기,신발
플립,기획원,사진,미니,포토,케이스
플래쉬,스니커즈
오래,먹는,단백질,간식,끝판,왕,염소,뿔
천연,소,가죽,플립,핸드폰,파우치,가방,케이스
얌얌,쩝쩝,수,제,야채,밥,가루
함모,니,조끼
봄,의정원,패,브릭,포스터,랜드
듀크,지르콘,진주,시계
레인보우,천연,가죽,핸드폰,스트랩,케이스
신,상품,데이지,스마일,풉,백
오,허니,차박,차량,용,열,사이,가림,막,커튼,장
스마일,구름,무지개,차량,용,석,방향,제,날씨,방향,제
월,기획전,포근해,키즈,헤어,핀
엄마,디자인,태명,자수,배냇저고리,가제,손수건,출산
탄생석,비누,월,오팔
영원한,사랑,연,보라,장미,자개,로,나이트,매듭,팔찌
두,가지,원,석,꼬임,팔찌,신상
생리대,파우치,그린,체크
오징어,진미채,촌스러운,농부,반찬
귀요미,조카,얼굴,도장,만들어주기
재,입고,데이지,너,백,파우치
플립,팬톤,칼라,레터,링,케이스
그려,낸,반려동물,주문,제작,그립,스마트,톡
특별한,하프,부츠,컬러
쁘띠,사,파,하트,세트
한잔,용,맛보기,청,수제,과일,청,종
시원,탱,글,레알,새우,탕,잡숴,보세우,밀,키트,반찬
문어,아저씨
위드,써지,컬,트레인,체인,커플,팔찌
소형,화분,공기,정화,식물,스투키,블랙,화분
자유,문구,칠,순토,퍼,팔,순토,퍼,케이크,토퍼,부모님,생신
단,거실,티비,서랍,장

미니어처,테디베어
솔솔,바람,부채,나비
줄,스트랩,코팅,힐,오픈,슈
신제품,출시,기념,이벤트,모카,공갈빵
캔버스,화,구름,너머
문어,비엔나,봄,이야기
맞춤,제작,일러스트,축의금,봉투,용돈,봉투
차원,다른,두꺼운,골드,써지,컬,팔찌
유리정,원,해바라기,풍경
아이스크림,콘,머랭,쿠키,제주,받는,날짜,지정,가능
리필,형,셔틀콕,개
보습,충전,카카오,비누,촉촉한,세안,비누
쑥,반,쌀반,우리,쌀,해풍,쑥,인절미,리얼,쑥바
사관학교,직업,군,버즈,에어팟,에어팟,프로,케이스
고양이,벽,시계
원하는,문구,포토,칭찬,스티커
써지,컬,스틸,쌀,알진주,토글바,체인,목걸이
캠핑,월넛,키친,타,올,걸이
유기농,쌀,과자,백미,시리얼,쌀,튀밥
진하게,우린,밀크,티,병
디자인,선택,형,고양이,강아지,인식표,세,가지,색
귀여운,강아지,고양이,책갈피
촘촘,람,ㄷ,디귿,카드,지갑,파우치
월,트러블,두피,강한세,정력,민들레,샴푸
여,성,수제,화,골드,장식,미,굽,플랫
제주,한라봉,캔들
푸릇사,쉬,샤워,각질,깔,끔,개운한
반려동물,커,스텀,버즈,플러스,라이브,프로,케이스
완판,행진,조향사,만든,향,지속,최강,섬유,향수
집밥,에는,맛있는,아,삭,깍두기
향,긋,왁스,타블렛,방향,제
삼각김밥,에어팟,버즈,케이스,파우치
사랑,퐁당,곰돌이,초코
시계,인테리어,집들이
참,죽,원목,매트리스,깔,판,주문,제작,저,상형,침대
오가,닉,아기,토끼,인형,이니,셜,인형
메탈,장식,뮬,블로퍼,블랙
델루,나,진주,써지,컬,체인,마스크,목걸이,스트랩,줄
드디어,출시,써지,컬,스틸,애플,워치,스트랩
진주,목걸이,터틀넥,레드
맥주,효모,모발,좋은,거,알쥬,맥주,효모,샴푸,바
커,스텀,가능,마법,문제,해결,도구
주문,폭주,사계절,필수품,코튼,텀블러,커버
봄,실루엣,스카프
코끼리,카드,지갑
신,상품,연어,껍질,스틱,강아지,수제,간식,천연,껌
파스텔,폰,케이스,레터,링,이니,셜,커플
카네이션,토퍼
약간,맵,지만,구수한,생강차,티백,차
성수동,수제,화,파이톤,엠보,우드,힐,앵,클,부츠
약,산성,바스,앤,샴푸
작가,야심작,세,일,부츠
스태비,아,곤약,젤리
니트,레터,링,영,문,아기,방,꾸미,기도,어,사인,촬영,소품
퀼트,곰세마리,반,지갑,파우치,담배,케이스
문경,문,경,오미자,엑기스,수,제청
아,펜,즈,파이프,테이블
트레블,러,그레이,반,팔,티셔츠
무료,각인,올,써지,컬,스틸,볼륨,사,각,스틱,바,각인,목걸이,종
아로니아,각질,발,비누
스마일,호피,체인,마스크,목걸이,마스크,스트랩,마스크,체인
드립,백,커피,갓,볶은,커피,로,만들어서,신선한
와이드,밴딩,데님,팬츠
바캉스,여름,스트랩,샌들,레드,빈
심플,럭셔리,슬리브,미니,우드,디,퓨저,세트
행사,중,기운,내자십전,대보,차,개입
십이지신,어린이집,유치원,답례,품,스티커
배냇,액자
벌레,모기,퇴치,시나몬,캔들,틴,케이스,부터,대,용량,까지
캠핑,인테리어,모기향,센스,홀더,연,소기,거치,대,스토브
남성,캐,주얼,더비,슈즈
행운,가득,가습뿜,수경,행운목
생활,한복,그린,꽃철,릭,원피스,생활,한복
썬,글,불독,주,차번호판
강아지,고양이,목걸이,해볼테냐,왕방울
무지개,별,파우치
용돈,세트,미니,사과,용돈,박스,용돈,봉투
어린이날,어린이집,유치원,스티커
가지,캔들,컬렉션,코르크,잼병,미니,향초,소이,캔들
성수동,수제,화,사선,라인,스틸,레토,플랫
원목,고무나무,콘솔,형,화장,대,세트
구매,추가,깐,간장,새우,장
세상,귀여운,유큐,캐리커쳐,일러스트,커플
다래,목장,무가당,수제,요거트
눈물,자국,엔,소간,져,키,강아지,간식
명절,추석,추석,비누,떡,비누,절편,비누
상황버섯,비누,재생,잡티
할로윈,토퍼,해피,할로윈,케이크,토퍼,세트
조각,롤,솜사탕
개,한정,짜지,않아,맛있는,모,둠,장아찌,수제,반찬
봄,신상,스틸,레토,금,장,굽,슬링,백,힐
탄생석,써지,컬,체인,반지,굵은
건조한,피부,꼭,필요한,촉촉,국산,옥수수차
몽글몽글,바니,레진,쉐이커,그립,스마트,톡
자체,제작,블랙,데이지,미니,복조리,스트링,파우치
투명,케이스,핸드폰,고리,달린,범퍼,카드,수납
색동,허리,앞치마
주,문,제,작,마스크,걸이,패밀리

우스,조림
인테리어,무,소음,그레이,돈피,스웨이드,벽,걸이,시계
아이,이니,셜,우드,토퍼,이름,레터,링
로열,물결,비즈,팔찌,세상,없을,세련,미
만능,코코넛,카렌,듈,라,밤
라운드,토,더비,루시,블랙
대,용량,궁채,장아찌,양념,버전
개입,더치커피,파우치,종
토너,스킨,여드름,피지,트러블
황금,연휴,비상,상비약,진한,생강,청
월,꿈틀
주말,솔티,케이크,원,온기,과자,보틀,케이크
블루,다이아몬드,목걸이,말라카이트,애퍼타이트
포근한,곰돌이,쿠키,인형
레몬,슈즈,예술,이다
메이플,북유럽,코튼,가리개,커튼
알뜰,형,파우치,허니,목캔디
최우수,작가,상,어린이,공기,대접,세트,호랑이
무배꽃,팔찌,탄,비즈,실,반지
강아지,하네스,동물,버클,가슴,줄
아르,벨,발,하나,되는,고트,죽로,퍼
이사벨,피톤,치드,가득한,원목,테이블
한글,쌍,자음,귀걸이,피어싱,낱개
다홍,에그타르트
레이나,베이비돌,육,일,돌,바비인형,바지,걸이,인형,소품
미니,목걸이,카드,지갑
젤리,곰,하리보,에어팟,버즈,키링,백,참
올인,스퀘어,달,귀걸이,단,미러,박스,보관,함,세트
제,육,볶음,국산,돼지고기,캠핑,요리
뜯어,먹는,재미,칠면조,다리,강아지,간식
비매품,별,드롭,진주,목걸이
장미,해와,달,나무,반지,커플,반지
잔꽃,차렵,이불,세트
무료,배송,인스타그램,태그,키링
수능,시즌,마카롱,레터,링,케이크
화이트,펀칭,꽃,반,팔,저고리,생활,한복
비누,꽃,카네이션,코사지
미니어처,공,부방
퍼퓸,리본,스트랩,샌들,슬리퍼
오리,엔,탈,인물화,일러스트
완전,입체,심플,면,마스크
언제나,봉봉,수제,사탕
필수,템무배,코로나,아웃,항균,탈취,제,무향,식물성
할로윈,풍선,랜드
입술,화장품,입술,케어,발색립밤
메탈,릭,토탈,실버,스니커즈,우먼
대,용량,밀크,티,베이스,홍차,얼그레이
로제타,웨딩,프로포즈,링,박스,반지,케이스,프리저,브드
자작나무,전,면책,장,매거진,랙
플립,프리저,브드,케이스
러블리,피오,니,무드등
개,한정,앰플,세트,구구
일,발송,매콤,장아찌
속,건성,피부,타마,누,수제,비누
색연필,드로잉,일러스트,그림
두피,건강,모발,튼,튼,약,산성,시,카카,구름,샴푸
안다미로,청양고추,다대기,매콤,만능,양념장
데,일리,독일군,스니커즈

프리미엄,원목,거치,대,자석,부착,형
꽃다발,꽃,정기,구독,회,생화
인형,임택
연애,운,나비,발찌
고소하고,담백한,궁채,나물
작가,강추,컬러,써지,컬,코코아,마스크,줄,안경,줄
강아지,멀티,리드,줄
갬,성,담는,휴지통
벌,한정남,여,공용,곤룡포,자수,샤워,가운,블랙,화이트
향수,화이트,머스크,바디,샵
레트로,맞춤,제작,강아지,고양이,인식표,펜던트,방울,목걸이
라운드,캔들
이태리,최고급,가죽,명함,카드,지갑,무료,각인
세,일,맛있는,자취,생,반찬,수제,닭강정
국산,농부,취나물,무침,제철,음식,반찬
프리저,브드,한송이,꽃다발,시들지,않는,꽃
팔로우,쿠폰,사랑,담은,컷팅,하트,석,방향,제
카페라떼,버전,버즈,라이브,프로,버즈,케이스
누,어,무트,러블리,자수,앞치마,카키
섬유,향수,룸,스프레이,탈취,제
입술트,건조할,땐,청포도,립밤,먹고싶을만큼,상큼
양말,같은,유연함의,더비,슈즈
해골,핑크,셔츠
물,모시,롱,허리,치마,웨딩
색상,추가,클라우드,투명,반구,그립,스마트,톡
포인트,엠보,캐,주얼,스니커즈,커플,슈즈
옥스퍼드,메리제인,운동화,오트밀
스마일,컷팅체,팔찌,발찌
귀여운,꼬마,유령,석,방향,제,차량,용방
이니셜스,메탈,명함,지갑,카드,지갑,이름,로고,각인,무료
멀티,타일,큐브,협탁,소파,사이드,테이블
입점,사실,화,아이패드,드로잉
파,올라,레이나,인형,집,꾸미기,동물,러그,카페트
솔로,리빙,베이직,거실,장,세로,형
원목,트,레이,소
체크,카드,지갑
황동,적,동,명함,꽂,카드,스탠드,거치,대
튤립,꽃,풍선,맞춤,제,작,레터,링,무료
프리미엄,순금,상패,상장,케이스,무료,증정
홀로그램,장미꽃,유리,돔,무드등
신상,눕,눕냥,냥젤,리키,링,버즈,버즈,라이브,케이스
써지,컬,가능,컬러,스톤,담수,진주,팔찌
재물,모으는,경,면,주사,피,슈비,휴,액운,퇴치,경,면,주사,팔찌
라벤더,아메,지스트,자수정,팔찌
알록달록,구슬,핸드폰,스트랩,폰,케이스
체크카드,지갑
람,버즈,플러스,라이브,프로,버즈,케이스
핑크,티어,드롭,언,발,귀걸이
예,쏘,빈티,체크,카드,동전지갑,칸,지퍼,형,기본,형
유기농,오,일로,만든,약,산성,어성초,비누
사라,카이,소녀,포크아트,스텐실,콜라보레이션
양념,깻잎,장아찌,짭쪼롬하,맛있는,국민,반찬
디지털,캐리커쳐,사이즈
타임,락
달달,구리,로투스,티,라이트,캔들
테디베어,차량,용,석,방향,제,리필,오일,포함
스톤,반지,빌리,상,반지
래브라도,라이트,목걸이
멀,바,우,블랙,단,멀티,선반
무드,테라,피,향수,서비스,남여,공용,향수
호랑이,띠,소,띠쥐띠,태명,산모,수첩,아기,수첩,커버
출고,휘,낭시,에구
맨,도롱,반지
사랑,해,널,트라이팟,실버,커플링,커플,반지
레이스,배색,쉬폰,블라우스,블랙
장,가격,커플,등록증,장,상자
월,임산부,커피,콜드,브루,디카,페인
가을,생활,한복,네이비,롱,치마
리뉴얼,발도장,돌,반지,보관,함,백일,미니,보석,함
각인,가능,꽃나무,뱁새,컬러,하드,케이스
거,내,살,냄새,야,모,우,향수,휴식,향기로
일출,디디,얌,마카롱,수제,뚱카롱,종
사은,품,볼륨,하트,귀걸이
무료,각인,컬러,천,연,소,가죽,명함,카드,지갑
신상,마음,만은,억,용돈,박스
핑크,헥,사곤,지갑
신상,출시,단,지퍼,크로스,백
고양이,장난감,정리,주머니,색상,추가
귀여운,포토,컷,드로잉,편지지
서강,커피,커피,류,파우치,음료,문,구,제,작,답례,품
로즈버드,프릴,슬링,백,샌들,힐
코듀,로이,미니,크로스,백,폰,케이스,휴대폰,카메라,가방
아기,교복,핫,요즘,교복,춘추,복
간편,우거지,된장국

포토,마스크,걸이
월,양털,동물,스트링,자수,파우치
귀요미,뱁새,차량,용,실내,거치용,석,방향,제
무배,통통한,반지,실버,은반지
각인,가능,각인,가죽,카드,포켓,용돈,봉투,골프,지갑
곰돌이,데이지꽃,귤,간편,배변,봉투,풉,백,똥츄
유화,그림,색,연가,고통,피,사체
빠른,배송,상품,한족,찬스
커플,드로잉,폰,케이스,아이폰,플립
천연,면,소재,영유,아,및,아동,용,필터,교체,형,마스크
박카스,스티커,이벤트,내조,스티커,매,낱개
보태,닉,가든,플라워,태쓸블로퍼
개,한정,레몬,착즙청,레몬,시럽,수,제청
숨쉬기,편한,입체,오가,닉,안감,마스크
골드,버클,장식,블로퍼
신선한,자취,생,건강,반찬,숙주나물
비누,꽃,미니,화환,사이즈,큰,사이즈,용돈,리본
썬,플라워,머리띠,집게,핀,세트
나,만에,슈즈,그리고,컬러
플,라싸,티크,벽행거
추억,조각,앨범,형,편지지
문구,포인트,컬러,무료,드로잉,패,브릭,포스터
노랑,주의보,망고,튤립,꽃다발
플라워,비비드,레진,스터드,귀걸이,귀,찌
오래,먹는,간식,불리,스틱,소,중대,개,세트
귀,욤,폭발,쪼꼬미,캘리,워터,북,보틀
감성,인물,일러스트
살코기,대박,마약,폭립
손잡아줄게,위안부,할머니,온,새,미로,후원,반지
마스크,걸이,현관,보관,임자,석,네임택,유치원
임신,출산,소,띠,말띠,딸,랑
키,보드,마우스,수납,캔버스,태블릿,아이패드,파우치
수,클래식,자,루베,개,커버
신상,출시,물고기,소원,건강,행운,부적,반지,실버
갤럭시,버즈,라이브,프로,일체,형,가죽,케이스
폭,신해,방석,쿠션,파스텔,시리즈
가을,슬립,온,발,편한,태슬,포인트,슬립,온
삼색,조합,실,팔찌,발찌,소원,팔찌
인증,나,만의,캐릭터,어린이집,방수,파우치
안전교육,교구,소화기,불
왕,스마일,어린이집,임택,스마일,임택,형광,임택
무지개,곰돌이,에어팟,버즈,케이스
귀염,뽀짝,반려동물,일러스트
소,코뚜레,장식,바램
환갑,토퍼,소,띠,부모님,환갑
백신,접종,완료,자수,패치
오천만원,상장,생신,환갑,칠,순,부모님,용돈,봉투
연,그레이,발등,절개,베이직,스틸,레토,앵,클,부츠
대두,자석,세트,대두,개,말풍선,개
꽃차종,세트,집게,증정,샘플,티,부모님,가을
이벤트,일러스트,드로잉,추억,그림,으로
리로,아,원,석,팔찌,발찌
레트로
메,타퍼,플라워,밴딩,롱,스커트,블랙
써지,컬,스틸,유아,미아,방지,목걸이
프렌치,코드,린넨,암,막,커튼,컬러
장미꽃,로,즈,베,어,인형,꽃다발,드라이,플라워,플라워,박스
출고,구만원,팩,정통,프랑스,다쿠아즈
신,상품,연어,껍질,우스,틱,분리,불안,강아지,수제,간식
이니셜,각인,천,연,소,가죽,현금,갑사,지타
위즐,원목,발,받침,대
체커,보드,타일,스툴,사이드,테이블
청키청키,카드,지갑
가든,대장,슬림,하이,가죽,지갑
플립,제작,가능,커플,드로잉,폰,케이스,젤리
주년특,데스티니,프레셔스,지브라,여자,나무,시계
커,스텀,드로잉,자수,커플,맨투맨티,커플,가족,단체
모카,유리,상자
홀로그램,나비,스트랩,체인,폰,케이스,플립
파,올라,레이나,인형,모자
로엠,물소,가죽,시계
남자,스킨,상쾌한,순,천연,토너,남성,스킨

미니,달,피어싱,귀걸이,귀,찌
할로윈,마스크
호피,복조리,백,어흥,미니,백,에코,백,파우치
그린,로맨스,드레스,퍼퓸
앤,스와로브스키,시계
코만도,캐,주얼,더비,블랙,브라운
아이방,무드등,감성,라,탄,전등,갓,조명,건전지,포함
깜짝,이벤트,플,향기,고체,향수
블랙,캣츠,아이,남자,묵주,팔찌
소,가죽,밴딩,샌들,힐
이니셜,각인,심플,반,지갑
센스,스틱,홀더
걱정,인형,ㅡ,아련하다,언니
정말,맛있는,라라,스모,어,쿠키
잘,신었습니다,하는,그,슈,즈,단독
스칼럽,포켓,포인트,핑크,롱,원피스
정품,스,와라,벤,더딜,라이트,피어싱
은반지,반지,눈꽃,각인,반지
슬링,스톤,호넷,태극
주,문,제작,면,라벨,컬러,해피,프렌즈
고블린,혼,다크,브라운
최우수,작가,갓,성비,우주,배,쓰,밤,종
발찌,엔,들레,스,썸머,발찌

파사삭,꿀,달고나
특,썸머,스퀘어,태슬블로퍼
별,따는,고양이,크리스탈,썬,캐,쳐
데,일리,무늬,반지
사은,품,빅,하트,귀걸이

떡볶이,스마트,톡
피스,로고,우븐,배색,밴딩,조거,팬츠,블랙,그레
수달,오뚝이
블루,버드,화분,공기,정화,식물,미니,화분
데스티니,젠틀,블랙,남자,나무,시계
몽실,구름,차량,용,석고,방향,제
카드,명함,지갑,스트라이프
슬링,스톤,그래피티,아트,뮬
버들,골,수제,약과
우유,니,담은,소금,사막,테라,리움,인테리어,화분
월넛,무,소음,탁상,시계

오프,숄더,벨라,드레스
멀,바,우,원목,돌핀,수납,화장,대,세트
모던,멀티,밴드,루버,솔,샌들,블랙
탄생석,별자리,우드,스마트,톡
일,까지,블랙,클,렌징,말끔,숯,가루
이니,셜,장식,마스크,스트랩,색상,장식
귀염둥이,동물,패턴,카드,지갑,동전지갑
고양이,전용,연어,큐브
체인,반지
롱,블랙,기본,한복,허리,치마
청도,모과,청,모과,대추,생강,모과차
수제,인형,프레,소
올,어바웃,켈리,스핑,거,타르트,종
딥퍼플,사이드,컷팅,스퀘어,토,뮬
애플,워치,가죽,스트랩,전기,종,호환
주문,폭주,뜨,개,통통,체커,보드,가방
실크,플라워,핑크,꽃다발
뭘,입어도,어울리잖아
후기,이벤트,레터,링거,울,캘리그라피,거울,집들이
레터,링,나무,반지,원목,반지
마끈,으로,만든,고양이,장난감,리필,종달새
깜찍하,개,하네스
갤럭시,플립,해피,데이,컬러,스트랩,케이스
히,야,돌,인형,츄,샤샤
베베,인형
기념,빛나는,우리말,반지
학자,수,쌍학,흉배,스트릿,백,팩
긴급,속보,비브람,아웃,솔족
월,결혼,포토,청첩장,압,화,액자
그리운,옛,맛,그대로,오곡,미숫가루,대,용량
병,한정,달콤,쌉싸름,자몽,청,수,제청
티,트리,모,링,뾰,루지,올라올,때,트러블,관리
글로펫,핸,즈,프리,멀티,리드,줄
성,수,수제,화,파스텔,스트랩,샌들
아이폰,플립,키치,베어,톡,레터,링,폰,케이스,그립

회전,차량,용,룸,미러,액자
주문,제작,파스텔,레터,링,버즈,라이브,프로,케이스
실드,브라운,엘,로우
걱정,인형,ㅡ,볼,통통,초,귀요미
감성,이삭,매듭,반지
배추,겉절이,간편하고,먹기,편해요
무배,라운드,원,석,팔찌,발찌
와우,박스,주문,제작,곤룡포,오,버핏,맨,투맨,티셔츠
월,고소하고,진한,쑥향,국산,쑥,라떼,데,일리,팩
편백,방향,방습,제,편백,케이스
후기,인정,핸드폰,카드,담아담,아키,링,방수,원단
종,샘플,패키지,수제,비누
엘다,원목,수납,형,조명,침대
사은,품,별,피어싱
베이직,레더,스트랩
뜨,개,차량,용,방향,제,디,퓨저,답례,품
드로잉,탁상,거울
출고,입점,미니,다쿠아즈,구
황태,오리,말
클레이,스토리,인형,데코,퇴임,승진
실버,심플,꼬임,목걸이
비누,댓,잎,비누
그레이,하트,써지,컬,피어싱
최고,상징,블랙,호안,석,실버,팔찌
월,아이패드,태블릿,파우치,퍼플,블루,체크
부드러워요,밑반찬,맛있는,수제,가지,나물
약,산성,오트밀,세안,바디,샴푸,바,올인원,비누,망,증정
카네이션,스승의날,어버이날,시계
강아지,생일케이크,디자인,비,추가,없는,레터,링,주문,제작
무배,원개,세트,코인,스틱,바,목걸이
월,이벤트,초,미니,파우치
작,지만,알찬,뫼비우스,심플,링
실사,느낌,반려동물,초상화,일러스트,반려동물,그림
커플,별자리,폰,케이스,카드,수납,스트랩,케이스
레오,브,라이언,자수,반,팔,티
귀여운,아기,판다,교육,용벽,시계,다니
실버,띤,목걸이,초,커
블루,레몬에이드,슬,라임,액체,괴물,액괴,개강,집콕
아,삭,하고,속이노란,알,배기,겉절이
신상,커플,반려동물,포토,그립,스마트,톡
개업,미모사,마크,라,메,드림캐쳐
일,발송,레몬,착즙청
마르,꼬,고래,인형,작,은인,형
몸때,비누
고급스러운,원목,장식,장,선반,장
원두,디카,페인,커피
용돈,환갑,칠,순,돈,케이크,팔,순,부모님
월,마르,게리,따,피자,화덕,피자
각질,블랙,헤드,옥수수,파우더,매끈한,피부,콘콥,스크럽
월계수,약,산성,샴푸,바
대,용량,조향사,만든,북유럽,풍,섬유,향수,신상
향기,채움,룸,스프레이
달,숙성한,프리미엄,최고급,천연,비누,비누
신상,무료,배송,데,일리,무광,탄생화,반지
단독,판매,전통미,매력,뿜뿜,쿠션
특,라벤더,블라썸
빠른,발송,플립,거울,곰돌이,키링,폰,케이스
원목,트,레이,중,오크,트,레이
워짓,커피,랩,홈,카페,세트,호,구성
야생,효모,다이어트,빵비,건빵,호두,통밀,빵
발향,끝판,가을,조향사,만든,후기,인증,꽃,포함
애플,워치,티,페리,스트랩
일러스트,주인공
미니,과일,뇌물,용돈,박,스탄
무료,포장,커플,쿼카,캔들,세트
무료,배송,저,온,추출,순수,호박,즙,팩
팬던트,그레이,담수,진주,목걸이
출시,나,만의,맞춤,샴푸
써지,컬,스틸,유광,유화,남녀,공용,팔찌
월,라임,약,산성,샴푸,바,헤어,바디
스티커,이름,스티커,생활,방수,흰색,반투명
발,그,레,삐약이,키링
차량,용,방향,제,디퓨져,커플
라인,치,스트랩
미니,쿠키,박스,퇴사,답례,품,수제,쿠키
손,뜨,개,반려,묘,고양이,키링,이니셜,휴대폰,줄,인형
불량,고양이,햄스터,강아지,에어팟,버즈,하드,케이스
포메라니안,커,스텀,석고,방향,제
먼지,나라,멋쟁이,아가,홍홍,동물,삑삑,인형
플립,입고,러스킨,오로라,폰,케이스
버즈,프로,추가나만의,커,스텀,에어팟,케이스
치,펠레,가죽,홀,스냅,명함,지갑
백화점,입점,기념,수제,클래식,마카롱,구,박스
사각사각,텀블러,백
초코,에어팟,케이스,버즈,라이브,케이스
메쉬,투톤,콤비
스윙,무,소음,탁상,시계
생꿀,듬뿍,허니,목캔디
월,왕,대구,탕,얼,큰,탕,맑은,탕,밀,키트,반찬
강아지,수제,간식,송아지,목뼈
니트,레터,링,도어,사인,문패
캐,주얼,컴,포트,더비,코만도,이태리,오,플
코엣,마블,셔링,타이,블라우스,크림
라운드,토,더비,코비,브라운
고양이,하우스,장난감,터널,바스락,백
아이디,어스,최초,프시케,크,롤러,이어,커프,귀걸이
갤럭시,플립,베어,허그,스트랩,젤,하드,케이스
배,개,겸,쿠션,잠꾸러기,토순,애착,인형
추억,가득,빈티,회중시계,목걸이
할로윈데이,스티커
해파리,유리,피어싱,귀걸이,유리,나무
이탈리아,맛,그대로,엑스트라,마르,게리,따
주문,위,올블랙,스트랩,파우치
성,수,수제,화,레이스,업,워커,롱,부츠
버즈,입고안냥,고양이,에어팟,프로,케이스,버즈,라이브
휘,낭시,종
엘다,원목,좌,식,컴퓨터,책상
글씨,변경,가능,레터,링,해바라기,조화
백,일,토퍼,첫돌,일,토퍼
써지,컬,가능,빈티,초,커,진주,목걸이
포토,토퍼,얼굴,토퍼,환갑,토퍼,케이크,토퍼,생신,토퍼
인테리어,무,소음,머스타드,돈피,스웨이드,벽,걸이,시계
피부,먹는,보약,복합,성,탄력,리프,팅,더톡스,아이,크림
기부,북극곰,키링,에어팟,케이스,커플,버즈,플립
대,용량,소이,캔들
컬러,소묘,고급,초상화,캔버스,액자
납골당,꾸미기,추모,관,배드민턴,세트,미니어처,장식
무배,써지,컬,체인,볼드,사각,믹스,초,커,목걸이
줄,레이어,드,진주,목걸이
샵쏭,할로윈,마스크,판박이,스티커,주문,제작
넘버,스타,레옹,캡,한글,자음,캘리그라피
써지,컬,진주,체인,목걸이
한우,스테이크,왕창,폭탄,일,까지
신선,숯불,김,최상급,곱창,김봉
산타,달팽이
삐,샵,케이크,토퍼,생신,어머니,생신,꽃
애플,워치,메탈,스트랩,전기,종,호환
밀푀유,리본,슬링,백,힐
체리,벽행거,선반,벽,선반,옷,걸이
모던,체크,패턴,아이폰,갤럭시,카드,수납,폰,케이스
레드,빈,밴드,형,결명자,현미,눈,찜질,팩,속,팩,분리,형
반전,돈,방석,부모님,생신,환갑,용돈,이벤트
체크,무늬,북커버
건강한,디저트,수제,치즈,두부
라운드,토,소프트,앵,클,부츠,블랙
빛,랜드,무드등,이벤트,캠핑,커플,여행,수유,등
슬링,백,웨이,비,러플,샌들,레드
휘,낭시,종류
갤럭시,플립,입고,마블,대리석,톡폰,케이스,아이폰,커플
거품,망,증정,피니,어스,저온,숙성,비누
사은,품,미니,원,터치,귀걸이,종
골드,필드,볼,팔찌
가을,신상,진주,스트랩,스틸,레토,힐
간장,깐,새우,양념,깐,새우구매,추가,반찬

nan
주문,제작,라인,드로잉,커플,가방,기념,에코,백,가방
한송이,스마일,꽃,인형,레터,링,꽃다발
빅스,트랩,크로스,백
직접,농사,지은,딸기,청,유기농,원,당,할로윈,음료
인물,커플사진,에어팟,버즈,케이스,프로
숲,작은,조각
새기고,이름,도장,맞춤,수제,아기,도장
사은,품,오팔,은반지
천,연석,담수,진주,세트,바다,에서,온,돌고래
월,탄생석,베이직,시트,린,원,석,팔찌
시,강,제대로,펭귄,패,브릭,포스터,아트,커버
연,보라,추가,하트,큐빅,실리콘,피어싱,귀걸이
수제,원목,퍼즐,아,쿠퍼,즐
커,스텀,인형,키링,캔디,팝,몬스터
볼링,볼링,스트랩,힐,블랙
실버,초,미니,콩알,귀걸이
럭키,호안,석,원,석,스터드,귀걸이,귀,찌
자석,증정,파티,토퍼
바나나,편백,히노끼,주방,네모,키친,테리어,시계,온,더
마치,알록달록한,조각,수,제,비누,답례,품,비누
캔버스,위,몽글몽글,라인,드로잉
커플,자수,크로스,에코,백
포토,비누,사진,비누,아이돌,굿,즈,기업,홍보
야옹이,투,웨이,다용,케이스,필통,안경집,지갑
입점,말,랑,사랑스러운,캐리커쳐,초상화
촘촘,은볼,팔찌
체리,목걸이,체리,삔
여행,토퍼,케이크,토퍼,가족,태교,제주,행복한,여행
건성,수,부지,위,깊은,보습,편백,스킨
플립,홀로그램,퐁당,베어,스트
디자인,특허,머슬,매니아,킹콩,차량,용,석,방향,제
남여,공용,스니커즈
건강한,재료,우암,소,무항,생,돼지,수제,떡갈비
축하,클레이,인형,케이크,트로피
하프,문,백,아이보리
자동차,가죽,키,케이스,그랜져,뉴,산타페,코,나
길쭉한,연필,닮은,연필,선인장,파티,오라,토분
하트,핑크,디,퓨저,집들이,개업
스위티,걱정,인형
뫼비우스,비잔틴,체인,팔찌
입점,내,맘,대로,마스크,스트랩,팬던트,종
단독,로맨틱,한복,블라우스,화이트
반려동물,초상화,그립,스마트,톡,내,새,꾸,굿,즈
퀄,마카롱,멀티,카드,지갑
단독
초록,거미
오,리지,널맛,게릴라,낱개,녹차,인절미,모카,민초
월,부드러운,닭,안,심져,키,강아지,간식
라운드,벽,선반
주문,제작,원,석,돌,돌이
식물성,에센스,진정,수분,정원,쑥부쟁이,에센스
캔버스,보냉,보온,백
이쁘,드로잉,일러스트,커플,프사,폰,배경,웨딩
삐삐,톡,스마트,톡
고급,현금,봉투
전역,꽃신,플라워,박스,상자,군인,여자친구,남자친구
돈,꽃다발,첫,월급,반전,용돈,꽃다발
취향,대로,더치커피,콜드,브루
사주,함께,하는,돌돌,실,반지
쥬디,픽촉촉,입술,순,보습,영양,유기농,립밤
냥,냥,부케,일,소요
루므,리본,사이드,턱,저지,롱,스커트,블랙
재물,운,호안,석,급,흑단,팔찌
세,송이,꽃다발
굴비,용돈,박스,생신,부모님
할로윈,아이싱,쿠키
편백,원목,맞춤,가구,다리,형,무,헤드,침대
시들지,않는,빨간,장미,한송이,꽃다발

애플,워치,아,뜰,라,주,가죽,밴드,더블,투어
플립,제트,플립,럭셔리,화이트골드,큐빅,데코,덴
전기,종,가능,플립,아이폰,케이스,스트랩,폰,커플,버즈,키링
색상,추가,분리,식,멀티,캠핑,선반,쉘프
인형,화환,테드,리코,케어,베어,인형,꽃다발,리본
플립,입고,체리,폰,케이스,하트,톡,키링,스트랩
입잠,체커,보드,카드,지갑
실버,데이지,플라워,클립,체인,팔찌
모던,컬러,콤비,슬링,백,슈,즈
순우리말,한글,커플,키링
써지,컬,스틸,스네이크,체인,목걸이,실버,뱀줄,목걸이
단독,로트,르드,민,플로린,콜라보,트,위드,자켓
트러블,순삭,모,공,청소,진액,팩,미니,체험,분
중형,히,메,몬스테라,공기,정화,식물,인테리어,화분,서울,경기,만
식이섬유,돼지감자,차,티백,차
유기농,오,일로,만든,약,산성,죽,력,티,트리,비누
개린,보아,털,조끼
리,필심,증정,볼트,액션,총알,우드,펜,무료,각인
유아,똑,딱,핀,뜨,개똑,딱,핀,똑,딱,핀,세트
초특,가발,리자,개,귀걸이,피어싱
산뜻한,프리지아,꽃신,커,스텀
향기,가득,플라워,반전,용돈,박스
에센셜,벌룬,스웨,트,팬츠
편리해,오,플,이니,셜,각인,카드,지갑
주문,폭주,내,머리,정화,비누,머리비누
동물,어린이집,방수,스티커,매
한정,수량
석가모니,매듭,팔찌
이태리,레더,창,수제,윙팁,골프,화
플립,입고,크,앙,공룡,오렌지,나무,젤리,에어,범퍼,케이스
강아지,이름,표,인식표,기본,사이즈
핀업걸,바스,켓
오렌지,청,오렌지,차,수,제청,오렌지,알알이,청
어프,레쉬,레이드,우,든,원목,마블,대리석,캔들,워머,타이머
세데,일리,원피스
애플,와이드,바지
돈,꽃다발
털,찐,곰돌이,스마트,톡,폰,케이스
코르덴,동전지갑
손청,결제,세이프,헨드클렌,징,에센스
자수,가능,데,일리,턱,받이,순면,방수
폭주,실버,오로라,흑,제비꽃,궁,중,귀걸이,귀,찌
리스,메세지,토퍼
콕콕,스템,프
라인,드로잉,추억,하기
굿바이,세이,리,소이,캔들,스페인,원료
파스텔,미니,도형,귀걸이,피어싱,낱개
우리,나라,수제,화,발볼,넓은,무지,외,반증,신발,굽
원목,인덕션,덮개,가스레인지,하이라이트,덮개
태슬,책갈피,북,클립,북마크
코,자,시즌,버즈,라이브,버즈,프로,버즈,실리콘,투명,케이스
소,주병,스티커,주문,제작
드로잉,커플,폰,케이스,패키지
모발,두피,건강,헤어,보습,두피,진정,상모,단,컨디셔,너,토닉
레터,링,케이크,캔들,종,머리띠
제,작,기간,일,이상,작고,소중한,초상화
창포,토닥토닥,머리비누
개,돌파,안녕,고양이,하드,케이스
문경,담은,오미자,진액,저,온,숙성
파스텔,곰돌이,라이터
프로필,배경화면,일러스트
세,일,매콤,달달,수제,오징어,볶음
알레,아로마,에센셜,오일,종,비건,유기농
키링,가능,한라봉,귤,사과,복숭아,인형,키
레터,링,해바라기,비누,꽃,한송이,꽃다발
간편식,엄마,손맛,아침,대용,식,모던,밥스,틱,종,개입
갤럭시,워치,액티브,시계,줄,밴드,실리콘,스트랩
플,라,랜드,다육식물,밍크,선인장,인테리어,화분,서울,경기
트윙클,나비,실리콘,피어싱,귀걸이
시크,무드,써지,컬,스틸,두,줄,체인,스트랩,폰,케이스
셀프,만삭,촬영,소품,태교여행,토퍼,베이비샤워,만삭,임신,태명
참,죽,원목,노블,다리,형,패밀리,주문,제작,조명,침대
마르,카토,파티,나,마카오
멍충,미,폭발,하는,내,반려동물
그린,클로버,써지,컬,목걸이
써지,컬,기본,체인,마스크,스트랩,줄
가죽,미니,크로스,백,핸드폰,가방
끌,레드,프린팅,양면,팔,토시
생화,매력,적,분위기,자아내는,빈티,레드,소국
튤립,조화,꽃다발
무배,커플,우정,각인,스퀘어,목걸이
레드,미티,어,노블,그린
액자,커플,결혼기념일,부모님,환갑
초,미니,화환,비누,꽃,화환,봉투,증정
조화,해,케이크,플라워,케이크
센스,스틱,신규,향,입고
허브,도넛,킹,사이즈,종
어버이날,플라워,박스
월,행사,치즈,닭갈비,챙겨가세요
무료,배송,변색,알러지,올,써지,컬,각인,무료,투,스틱,목걸이
브랜드,스탠드,주,차번호판,자동차
천연,과일,맛,수제,캔디,후르,츠,믹스
수피아,코코,심플,린넨,광목,무지,컵,받침,티,코스터
블루,사파이어,목걸이
당,일,배송,오,간식,강아지,케이크,반려견,파티,세트
세트,도베르만,불독,석,방향,제
만족도,보장,컬러,나빌레,라,귀걸이
무료,배송,포,시즌,쉬폰,블라우스,화이트
롱,레이어,드,수,플레어,속,치마,바지
코르크,로,만든,목걸이,지갑
실버,띤,팔찌,발찌
한정,수량,오픈,세,일,제주,마유,비누
신상,잠시,만,세,일
알레,떼,일러스트,초상화
골드,필드,로프,체인,반지
밤,에도,디카,페인,에스프레소,원,액
무형,광,엠보,가제,손수건,세트
병,한정,생강,배,대추,진액,수,제청
서리,나래,벨트,포인트,철릭,원피스
크림,토핑,숫자,케이크,토퍼
진주,꽃볼,라피스라줄리,매듭,팔찌,진주,꽃볼,라피스라줄리,매
아이패드,에어,세대,이니셜,시,그니,케이스
입술,살리는,인생,립밤,촉촉한,자초,립밤
누적,판매,원형,유리,병,꽃,편지
감성,캠핑,박스
성수동,수제,화,진주,홀,스판,첼시,워커,밴딩,부츠
나이트,마스터,브라운
면,깅엄체크,홈,원피스
신상특,방목,탄,마사지,팩,비누,크림,솝,세트
써지,컬,스틸,화이트,블랙,큐빅,피어싱
무,설탕,호두,크랜베리,쌀깜빠뉴
아가,뺙,키링,인형,에어팟,케이스
사진,인화,포토,주문,제작,종,핸드폰,정사,각,엽서,사진
심플,레이어,드,써지,컬,스틸,체인,줄,목걸이
시원한,인견,마스크,엄마,가편,목걸이,형,돌아기,유아,숨쉬기,편한
버즈,라이브,케이스,토끼,키링,갤럭시,버즈,프로,케이스,버즈
하쯔,동물,음악,대,마로,씰,스티커
바다,유영,하는,고래,꼬리,써지,컬,기부,커플,우정,팔찌
자개,스티커,눈꽃,크리스마스
무배,드롭,체인,롱,줄,귀,찌,귀걸이
실버,연장,체인
마르,카토,독일,스프,리트,태,슬로,퍼
고양이,장난감,깃털,꼬리,무당벌레,낚시,리필
스톰,브라운,수제,화
리뉴얼초,영롱,아이스,크리스탈,귀걸이,귀,찌
후기,이벤트,년,임인년,어흥호랑이,덧신
봄,인사,헤어,핀,가지,디자인
지폐,카드,분리,슬림,카드,지갑
자개,스마일,써지,컬,스틸,목걸이
이벤트,감성,미니,에코,백,토트,백
실버,꿈꾸는,고래,낮밤,반지
이니셜,자수,유아,마스크,스트랩
식혜,세트
부떼,로,소,가죽,슬림,명함,카드,반,지갑
컬러,러블,리,코튼,미니,백,가방,버킷,백,에코,백
세,일,수제,미니,탱탱,볼,양념,꼬막,장
무심한듯,시크,하게
블랙,추가,복조리,폰,가방
개무배,커플,우정,화이트,각인,블랙,반지
초특,주문,폭주,댕글,미러,골드,수제,네일,팁,퀄리티
마르,카토,골프,화,블루,스카이
유기견,유기묘,후원,팔찌,써지,컬
원목,원형,스툴,협탁,빈티,지엔,틱,레트로
블랙,야광,도트,스웨이드,스퀘어,토,라인,슬리퍼
묘약,진정,상쾌,수면,집중
플립,가능,블랙,화이트,핸드폰,줄,목걸이,폰,케이스
자체,제작,성수동,수제,화,양,가죽,여성,플랫슈즈
파덕,원목,액자
실속,득템,꿀카렌듈,라,수제,비누
미니,만타,레이,시즌,목걸이
천연,소,가죽,핸드,스트랩,종,선택
페니,드라이빙,슈즈
물,망울,라피스,귀걸이
다용,소,가죽,자,석,홀더,블랙
마인,카프,스킨,앵,클,부츠
달,항아리,전문점,조,성현,작가,달,항아리,무광
드림캐쳐,구름,달,고양이,무드등
가죽,곰돌이,석고,차량,용,방향,제,주,차번호판
에나멜,천연,가죽,에쎄,특허,받은,여자,담배,케이스
할로윈,랜덤,박스,플립,가능,편한,폰,가방
특,윙팁,옥스포드,블랙
약,병,스티커,매,어린이집,방수,스티커
운명,수레바퀴,실버,커플링
디자이너,슈즈,오로라,미,힐,메리제인
클래식,반,지갑,딥,브라운
ㅉㅌㄹㅉㅌㄹ,비누
무료,포장,곰돌이,인형,키링,그립,스마트,톡
동전,반지,랜덤,발송
시즌,수,제,사탕,수험생,수능
최고,로,즈,골드,티어,목걸이,써지,컬,가능
이니셜,케이크,핑크,가방
미니,야생화,자수,에코,백
천,연,소,가죽,마우스패드,색,양면,게이,밍,패드,책상,꾸미기
오프,숄더,밴딩,원피스,화이트
보석,크리스탈,메모리스
흑,당,마블,일,가을,준비
무,배구,루미,상큼,상큼,앵두,체리,목걸이
유스,풀,몰,꽃다발,배송
실버,이드,각인,링
프리미엄,퍼품솝,산양,유,비누,블,랑,에티듀드
사이,즈,추가,실버,초,미니,링,귀걸이
결혼기념일,웨딩,석,방향,제,맞춤,스티커,포장
더치커피,콜드,브루,원,액,가지,답례,품
아,벤,소,가죽,로퍼,블랙
반려동물,증명사진
키링,커플,각인,키링,드로잉,키링,각인,키링
부모님,생신,용돈,반전,병풍,봉투,토퍼
자작,화이트,큐브,거실,테이블
프렌즈,비숑,발,매트,러그,욕실,주방
스트랩,파우치,미니,백
테,이퍼,초,막대,초
아기자기한,둥이,백,운각,군생,선인장,토분
하트,비누,답례,품,천연,비누,휴대,용,어린이,핑크,보라,해
실버,추가,블랙,앤,골드,써지,컬,스틸,비즈,목걸이
뉴,블랙,베이직,레이스,업,워커힐
가지,한약재,담은,자운,발효,숙성,비누
월,캘리,스탬프,양,면,꾸,낙관,결재
실사,이즈,그대로,소중한,아기,발도장
실물,보장,스미스,앤,레더,애플,워치,가죽,스트랩,밴드
스위스,워터,디카,페인,블랙,바닐라,더치커피
엘리,인형
군인,군인,헬멧,뚱뚱,석고,방향,제
스퀘어,토우,스트랩,펌프스
신규,한글,돌,반지,보관,함,미니,보석,함,탯줄,도장,통장
응웅엉,반,팔,티셔츠
호세,커피,큐,그,레이더,의원,두,커피
편지지,연인,친구,가족,특별,편지지
가죽,스판,부츠,정석
니샤,가죽,가방
각인,가능,각인,가죽,용돈,봉투,용돈,박스,장,지갑
포토,자,석,부담,없는,용,으로,최고
년,구두,장인,겨울,겨울,롱,미디,부츠,레드
연유,빠진,딸기,슬,라임,액괴,액체,괴물
아이보리,샌들

생활,한복,무지,나그,랑,남녀,공용,저고리,와인
간식,오,리안,심져,키
바다,케이크,토퍼
리필,패드,증정,큐빅,스톤,책갈피
주문,제작,반려견,양,모,펠트,전신,인형
별빛,내,린다,클리어,슬,라임,펄
부모님,남편,커플,생신,결혼기념일,토퍼
재구매,율위,콜드,브루,보다,농축,에스프레소,커피,원,액
포,근,잠옷
웹툰,일러스트,캐리커쳐
캔버스,에코,백,종,가방
침로,자리아,귀걸이,귀,찌
벨티드,테잎,자켓,베이지
양털,망토
레터,링,에어팟,케이스
순수,월계수,실버,반지
무배,남녀,공용,올,써지,컬뱀,십자가,커플,목걸이
다이어트,현미,곤약,가래떡
구매,추가,간장,새우,장
오,리지,널,게릴라,녹차,인절미,모카,민트,초코
멀,바,우,원목,슬라이드,거실,장
시,원,달,큰,햇,무,양념,듬뿍,직접,키운,총각,알,타리,김치
무가당,대,용량,플레인,그릭,요거트
이탈리아,베지터블,카드,지갑,커플,포장,부모님
써지,컬,반지,안젤라,반지,세트
마르,꼬,고래,인형,큰,인형
현금,용돈,봉투,지갑,싸,템
나비,담수,진주,실버,볼,반지
플로,썸,종종,랜덤,미니,꽃차종,세트
할수,이따,행운,잡는,큐빅,네잎클로버,볼펜
린넨,미니,크로스,백,휴대폰,가방,폰,케이스
써지,컬,촘촘,진주,마스크,목걸이,스트랩,줄
캔버스,사진,무드등,커플,결혼,친구
리오,더,뽀쏭,오가,닉,여,아,사각,팬티,종
뽀글이,곰돌이,석,방향,제,차량,용실내,탁상,용
가을,꽃다발,사진,드로잉,생화,소국,꽃다발
엔틱,로,즈,니트,플라워,손,뜨,개,반지
먼지,없는,친환경,수건
마그네슘,인디고,바디,워시
신,상품,출시,스마일,고깔,모자,파티,햇
너무,귀여운,동글이,꽃,실리콘,귀걸이
곰돌이,나,무도장
악어,씨,아이패드,파우치,갤럭시탭,노트북,파우치
비누,꽃,용돈,플라워,박스,행사
빠른,발송,특별한,집들이,단체
월,샘플,세트,미백,종,헤어,종,보습,종개,씩,구매
보들보들,아기,촉각,수건
성수동,수제,화,여성,워커,앵,클,부츠
홈인,테리어,봄맞이,안개,리스
마르,카토,콩코드,족,한정
골드,추가,티탄,침,라벤더,꽃잎,방울,귀걸이
꿀,퐁당,카렌,듈,라,허,벌,허니,바디,워시,세안,비누
무지개,종,멀티,크리스탈,비즈,천,연석,공효진,반지
원목,수납,독서,대,책받침
손가락,태교여행,셀프,만삭,촬영,베이비샤워,임신,토퍼
각인,무료,부테로,애플,워치,갤럭시,워치,스트랩
슬리브,리스,인형,옷,입니다
라크,벨라,라인,펌프스,힐
사이,즈,주,문,제,작,가능,린넨,옐로,핑크,체크,패드,탭,파우치
고백,카드,용,봉투,포함
디카,페인,더치커피,콜드,브루
상큼,함,가득,오렌지,샤브레,쿠키
훈민정음,무지,블랙,볼캡,모자
레드,제스,퍼,꽃,천연,에메랄드,매듭,팔찌
비,숑푸,말티즈,강아지,석,방향,제,커,스텀,차량,용
최저,해시태그,메세지,픽,미니,픽,미니,토퍼
리미,티드,할로윈,머랭,쿠키
곰돌이,자수,파우치
코스모스,포인트,가을,꽃신
피,규어,감사패,감동,부모님,퇴직,상패,공로,패
오천원,캐리커처,ㄹ,ㅔ,알,나를,만나,보세요
네이비,스웨이드,레트로,여자,로,퍼
월,하네스,용헥,사곤,써지,컬,강아지,인식표
무배,써지,컬,군번줄,스마일,발찌
데이지,플라워,케이크,토퍼
먼지,냠냠,왕전,구,틸란
하쯔,홈트마,로,씰,스티커
트윙클,피어싱,귀걸이
이니,셜,각인,스티치,남성,반,지갑
피부,저,자극,오가,닉,시,그,니,처,핑크,마스크
버즈,라이브,케이스,플라워,키링,갤럭시,버즈,라이브,케이스
무료,배송,보라,빛,밤,키캡,개,세트
제트,블링,보석,폰톡,일체,형,홀로그램,케이스
하트,뿅,토퍼,토퍼,케이크,토퍼
흑,당,버블티,빨대,증정
행운,나,에게,스며든다,흑자,개,물고기,블랙,침,수정,팔찌
성수동,수제,화,클래식,모던,스니커즈,앵,클,부츠
데,일리,행거,옷,걸이
고양이,인식표,벚꽃,가지,색상
깐,새우,장,단,짠단,짠,대하,장
핸드,메이드,로,즈,부케,잔
가지,맛,믹스,쿠키,세트
감칠맛,부드러운,비빔밥,용,산채,나물
답례,품,으로,딱,더치커피,콜드,브루,원,액
판,의미,로,귀걸이
손자,수,매,일,미사,커버
선녀,토끼,플라워,도어,벨,원조
론드,플랫슈즈,화이트
에어팟,프로,가죽,케이스
감동,오리,도가니,강아지,간식
머핀,캔들
삼,단,진열,장,삼,단,콘솔,인테리어,장식,장
할로윈,신,박,아이템,블러드,드롭,비즈,목걸
순수,버터,클래식,버터,슬,라임
개구리,덤덤,에어팟,케이스,덤덤,물음,박스,키링
데이지,유아,헤어,핀
오늘,만,앙증맞은,젤리,곰텐,저린,머리핀
갤럭시,버즈,라이브,프로,가죽,케이스
토끼,뿌릿,누빔,베개,커버
방수,논,슬립,티,코스터,컵,받침
애플,펜슬,밴드,형,수납,필통,케이스,애플,펜슬,세대
패니로퍼,블랙,드라이빙
감성,원고지,편지지
데,일리,단청,올,써지,컬,팔찌
우이동,금손,안나,토션,레이스,보넷
농부,반찬,미역,줄기,무침
군인,관,물대,마그넷,자석,남자친구,여자친구
촉촉,천,연,립밤
춤추는,튤립,썬,캐,쳐
인생,컷,사진,컷,방수,스티커,반려동물
천연,자수정,데,일리,팔찌
기획,정상품,원목,멀,바,우,돌핀,양,문,수납,장


휴대,용,애착,인형,토끼,촉각,인형
한정,수량,트리아농,니트,원피스
학습,동기부여,부모님,선생님,날짜,칭찬,도장,스탬프
고블린,싱글,몽크,스트랩
까페,모카
황금,연휴,햇콩,국산,서리,태,검은,콩가루
보랏빛,향기,인견,여름,홑,이불
올,써지,컬,진주,조약돌,목걸이
코코넛,캣닢볼,고양이,장,난,감점,보,사이즈
명함,카드,지갑,브라운
나꼬,샤워,등,드름,수분,충전,유,분,제거,건조한,등,드름
슬랍,와이드,팬츠
소,가죽,남성,슬립,온
레드,오크,원목,벤치
펄,메탈,차량,용자,석,포토,액자,자,석,거치,대
멀,바,우,원목,원형,티,테이블
커스텀홀릭스,무지개,구름,모빌
비비,몬스터
하늘,핑크,반지
넥타이,수납,장
페어리,티어,구슬,목걸이
시크릿,빙하,캔들,태우면,다른,컬러,나와요
은침,에이버리,귀걸이,귀,찌
메세지,픽,풍선,까지,파티,햇,퐁퐁,꽃다발
우리,밀통,밀,식빵,무,설탕,천연,당
아이폰,출시,고양이,경,고문,확대,투명,젤리
가을세,일,양,가죽,리본,포인트,플랫슈즈
구름,페니,로퍼
무료,배송,써지,컬,스마일,팔찌,발찌
카드,수납,스트랩,탈,부착,핸드폰,목걸이,폰,케이스
하나,뿐,드로잉,웨딩,토퍼
색,크레용,베베,듀,버즈,라이브,프로,케이스
포토,답례,품,스티커,주문,제작
아트,니,즘,수제,슬,라임,랜덤,박스,종,액체,괴물
반,전,매력,녀,뜨,개인,형
애플,워치,갤럭시,워치,액티브,가죽,심플,스트랩,밴드
꽃,고무신
강아지,리드,줄,피크,니,크,무지개,리드,줄,핫핑크
뱀,반지
갤럭시,워치,스퀘어,버클,앱,송가,죽,스트랩,가지,컬러
웨딩,무,소음,드로잉,시계,인쇄,노노,각인
숙성,중,청대,숙성,비누
화이트,레이스,업,스퀘어,토,미드,힐,슬리퍼,뮬
프레,시,봄,강아지,수제,간식,쫀득,오리,안심,저,키
원,스트랩,스퀘어,토,플랫슈즈,크림,베이지
생신,불혹,환갑,칠,순,팔,순,부모님,생신,토퍼
원목,발,받침,대,사무실,책상,의자,다리,거치,대,발판
비비드,튤립,파우치,이니셜,파우치
이니셜,팬던트,팔찌,써지,컬,스틸,커플
오렌지,자스민,화분,공기,정화,식물
나뭇가지,이어,커프
마크,라,메,그레이스,커튼
마르,카토,꽈트,로
플립,플립,플립,가죽,폰,케이스
월,실버,심플,나뭇가지,목걸이
월,따뜻하게,마시는,오렌지,레몬,차
워짓,드립,백,맛있는,드립,백,핸드,드립,대량,포장
코,반,반,지갑
가을,슬립,온,발,편한,베이직,로고,슬립,온
양말,인형,졸린,표정,해리
원목,모니터,받침,대
서리,나래,차밍,레이스,장저,고리
핑크,튤립
할로윈,강아지,케이프
구름,처럼,가벼운,노,브라,티셔츠,구름,티
새,콤달콤,레몬,자몽,청,수,제청
그레이스,트,윌리,쁘띠,스카프,목걸이
프리저,브드,안개,꽃다발
nan
특,클래식,스트레이트,팁,옥스포드
일러스트
모공,엔,머드,팩,비누
리필,종단,낚시,대
유니섹스,크롭,테이,퍼드,밴딩,크림,진,솔티,데님
소,롯,팝업,주,차번호판
어성초,수,제,비누,코로나
포인티드토,스트랩,밴,딩,슬링,백
니트,베어,키링,붕어빵,케이스,에어팟,버즈,프로,라이브
디자인,추가,카카오,방향,제,모자
두,개,곡면,있는,젓가락,받침,대
청옥,그물,진주,귀걸이
귀여운,반려동물,일러스트,배경화면,프로필
어린이,교육,용,무,소음,벽,시계
행사,중,블랙,벨벳,스,크런치
달랑,거리,써지,컬,스틸,블랙,나비,피어싱
플란다스,개,스웨이드,운동화
반려동물,증명사진
인식표,실속,있는,과일,양면,고양이,강아지,스카프,케이프
프리미엄,년,근,순,홍삼,액,위,크,팩,아르,젠토진
올해,수확,국산,서리,태,검정,콩데,일리
캘리그라피,박스
앵,클,부츠
커,스텀,로고,트레이닝,밴딩,팬츠,커플티,단체,티셔츠
연필,수채화,일러스트
생신,환갑,칠,순,팔,순,생신,케이크,토퍼
당일,출고,원목,구,액자,원목,액자,성장,액자
폭풍,무료,각인,원목,샤프
옥,인테리어,팔,각,살,현관,센서,등
달,시리즈,레터,링,폰,케이스,커플,아이폰
가죽,펜,케이스,로,즈,우드,만년필
병,한정,청귤청,수,제청
디자이너,웨딩,슈즈,로,맨,틴,홀리데이
신상,핑크,골드,써클,써지,컬,체인,팔찌
고양이,장난감,웨에엥,프로펠러
이태리,명품,아웃,솔비,브람,롤링,시스템
일상,풍경화,일상,풍경,소중한,그림,으로
랜덤,스마트,톡,증정,그려,낸,작은,달,그립,스마트,톡
전,기,종,컬러,블링,레터,링,스트랩,줄,폰,케이스

디자인,추가,골드,써지,컬,마스크,스트랩,목걸이
월,일출,달달,지다,뚱카롱,마카롱,낱개
크레이지,조커
이태리,카프,더비,특
친구,커플,아이템,베지,가죽,에어팟,케이스
황금,연휴,기관지,건강,배도,라지
베이비,팜,매너,벨트
말차,에디,션,식물,세포,수분,영양,보습,얼티,메이트,크림
루체,드롭바,트,윌리,쁘띠,스카프,목걸이
튤립,목걸이
우아한,플라워,동전,카드,지갑
커플,우정,컷,포토,인화,드로잉
실버,오닉스,미니,묵주,반지
아이폰,추가,무,배자,개,나비,각인,폰,케이스,스트랩
각인,가능,태슬,클러치,만년,다이어리,세트
월,걱정,인형
오직,플립,만을,위,카드,케이스,폰,케이스
고무나무,원목,스틸,장식,장,책장,인테리어,가구
작가,극,강추,샤넬,왕,진주,폰,스트랩
무,배은,침다이나,귀걸이,귀,찌
열무,자박이,매콤,칼칼한,열무김치
풀잎,심플,미니,써클,귀걸이
몽글,컷,몽글몽글하고,귀여운,컷,컷,드로잉
눈,나,ㅏㅏ,걸,크러시,캐리커쳐,일러스트
러블리,스마일,미니,백,그린
이니,셜,커,스텀,투명,곰돌이,그립,스마트,톡
단호박,황태,쿠키
깜짝,로,로,여성,코튼,루즈,핏,나그,랑,티셔츠
실버,십자가,사각,체인,목걸이
첨가,물,진짜,고구마,구워,만든,고구마,라떼
퍼,니데,일리,나,만의,우드,에어팟,프로,케이스
까메오,로,실리,아,귀걸이,귀,찌
알폰스,무하,백합
애플,워치,갤럭시,워치,액티브,방수,가죽,스트랩,커플
스테인드글라스,그립,스마트,톡
유리,수제,궁채,장아찌
실버,줄이어,커프
일,부터,발송,가능,만원의행복,랜덤,박스
까지,추가,레터,링,섬유,향수,휴대,용,증정
해외,작품,부테로,검은색,가죽,애플,워치,스트랩,세대
슬기로운,향기,생활,로얄,샤쉐
리뷰,이벤트,반려동물,색연필,드로잉
나,만의,이니셜,별자리,스마트,톡
생화,화이트,스토크,직,배송,꽃,택배,농장,직송
카네이션,용돈,파우치
미니,다육,미니어처,스테인레스,주전자,화분
차출,시,소,가죽,파우치
생신,축하,용돈,레터,링,문구,돈,다발,봉투
피부,보약,방,진액,부,스팅,에센스
꼬마,한복,키링
골드,실버,로맨틱,두,줄,발찌,팔찌
코인,팬던트,목걸이
곰인형,키링,인형
하트,큐빅,버즈,라이브,케이스,하트,키링,갤럭시,버즈,라이브
꽃,톡,스마트,톡,그립,핸드폰,케이스,아이폰,플립
플랩,에프,테디,첼시,부츠
착한,성분,버블,입욕,제,버블,바
쌍계,리아,낙,친환경,주방,비누,설거지,비누,비건,제로,웨,이스트
국민,실내,화
일출,무,색소,천연,가루,마카롱,디저트
신상,꼬리,잡기,에어팟,버즈,케이스,키링,프로
로젤,리본,스트랩,휴대폰,케이스
아쉬,에르,목걸이,카드,지갑
버튼,롱,스커트,베이지
이벤트,나,만의,특별한,일러스트,드로잉
별자리,회중시계
블랙,무지,지퍼,에코,백,캔버스,가방,캔버스,에코,백,숄더,백,가방
정,래,윤,오늘,반찬,왕새우,야채,볶음
밤새,안녕,블루,심쿵령
성,수,수,제,화재,특,가세,일,프리미엄,베이직,펌프스
유기견,후원,풍선,강아지,꿈,써지,컬,목걸이
클래식,패니로퍼,다크,브라운,굿이어,웰트
연화,문,시계
이니셜,각인,심플,세로,반,지갑
플립,유,어,레터,링,젤,하드,케이스
참,인정,국내,산,꽃게탕,인분,밀,키트
라인,드로잉,엽서
월,낚시,는야,옹이,섬유,향수,증정
몽환,캐릭,손,그림
한국,전통,곤룡포,폰,케이스,스마트,톡,후기,폴드,플립
포효,하는,호랑이
깜짝,놀란,유령,요,오,인형,키링
월,조향사,만든디,퓨저,커플,자취
거실,테이블,접이식
캔들,리필,되나요,블루,빈,소이,캔들,리필,향초
리,아,스탠다드,셔츠,화이트
행복한,아이보리,망돌,베어,인형
어린이집,유치원,가방,키링,가방,고리,네임택,이름,표,낮잠
무료,당일,배송,인스타그램,편지,편지지
써지,컬,스틸,원형,로켓,팬던트,각인,목걸이

생화,꽃말,일편단심,해바라기,꽃다발,축하
전체,써지,컬,각인,가능,써클,라인,토글바,팔찌
마르,카토,슬립,온
옐로우,체크,미니,복조리,스트링,파우치
초특,애플,워치,곱창,밴드,갤럭시,워치,곱창,스트랩
공룡,친구
국산,농부,청양고추,장물,비빔,장,제철,반찬
데님,앞치마
참,피디,리뷰,간장,생,연어,장,밥,도둑,반찬,리얼
율무,비누,율무,테라,피,비누
베지터블,페니,로,퍼
럽럽,아크릴,시계,어버이날,집들이
목화,디,퓨저,집들이,방향,제,퇴사
아동,아기,누빔,자수,수면,조끼,실내,복
무료,배송,변색,천,연,소,가죽,각인,커플,팔찌
월,빠른,발송,방수,약,파우치
램스울,가을,색,만두,백
연장,실버,미니,하트,귀걸이
써지,컬,실버,가능,그,진주,초,커,목걸이
신상,드로잉,각인,텀블러,군인,커플,가족
베스트,가죽,포인트,데,일리,백,팩,레드
럭셔리,흑단,금박,자동차,주,차번호판,전화,번호판
린넨,프릴,앞치마,컬러
부모님,용돈,꽃다발,돈,꽃다발,돈,다발,로즈데이
골드바,반전,용돈,박스,부모님,생신
오동통,프레즐
솜사탕,트,위드,카드,지갑,색상,추가
플립,입고,해,피버,미,폰,케이스
팥,경단,슬,라임,액괴,떡,점섞슬
남자,광목,잠옷,긴,바지
막걸리,비누
월,비숑,웰시,달자,수,에코,백
여인,초상
프리,매듭,팔찌,생활,방수,공정무역,후원,팔찌
무배,영롱,자개,나비,목걸이,전체,써지,컬
당일,발송,하트,포토,편지,커플
별자리,이니셜,각인,버즈,버즈,라이브,케이스
망사,슬링,백
레러백,천연,소,가죽,카드,지갑
무배,원,비즈,꽃,반지,커플링
베이직,미니,캔버스,크로스,백
모녀,봄날,아가페,묵주,팔찌
천연,방향,제,방,총명,향
데,일리,실버,오팔,목걸이,팔찌,귀걸이
양면,다른,문구,커,스텀,포,산책,옐로,펜
지니,실,팔찌
리본,카멜리아,스마트,톡,진주,스트랩,핸드폰,케이스
일출,인생,타르트,에그타르트
카렌,듈,라,비누,트러블,좋은,비누
니,치,섬유,향수,탈취,제,커플
스마일,써지,컬,체인,플립,투명,케이스,커,스텀,가능
후기,인증,얼음꽃,귀걸이,귀,찌
진,네이비,스트라이프,한복,수트,종,세트
스마트,마스터,블랙
신상,순도,순금,레이어,드,컷팅실반
오가,닉,빅이어,곰인형,기다란,귀
동글이,반지,서랍
순수,파인,자색,양파,즙,총,포
요거트,퐁당,비누
양면,큰,글씨,포,산책,옐로,펜
주년특,로줄,초콜릿,월넛,남자,나,무시,계
파스텔,톤,반려동물,색연필,화
개,한정,매콤,밥,도둑,청양고추,장아찌,수제,반찬
손잡이,있어,더,편리한,소주잔
서,신,편지,커플
아이폰,입고말랑,베어,폰,케이스,팝톡,그립
스,큐빅,목걸이
포토,답례,스티커
바다,물결,코스터,겸,트,레이
스투키,토퍼,금전,수,개업,집들이,승진,화분
손,뜨,개,할로윈,호박,랜드
빈티지월넛,파이프,테이블,식탁,원,목각,구
특가월,아,쵸,쵸,쵸,드로잉
여,성용,비브람,테슬,로퍼
이벤트,감성,일러스트,커플,드로잉
무료,배송,푸른,바다,전설,버즈,라이브,프로,케이스,무료
플레이,모빌,손,뜨,개옷,하트,가디건,베레모,세트
참,죽,원목,선반,수납,형,침대
데이지,모티브,백,뜨,개,가방
라이스,플라워,투명,볼,귀걸이
무배,써지,컬,볼드,체인,빈티,팬던트,남자,목걸이
실버,각,체인,슬림,반지
아네모네,페이퍼,플라워,개,세트
너무,편안한,광목,바지,잠옷
초여름,유채꽃,귀걸이,피어싱
일,화요일,출고,해바라기,꽃다발,군,전역
남자,생활,한복,수려,사,폭,바지
아낌없이,듬뿍,담은,수제,블루베리,요거트
분홍,노랑,보라,세,가지,여리,여리,나비,잎새,팔찌,발찌
비쥬,플라워
명화,아웃,터,셔츠
무료,배송,각인,무료,알러지,변색,써지,컬,커플,체인,팔찌
얇고,슬림,긴,사이드,테이블
생생,멍게,무침,비리,않고,상큼,맛
월,할인리,뉴얼,단호박,찰떡,스퀘어
그냥,숟갈,푹,떠,먹어도,맛있는,수,제,대추,생강,청
무,배변,색,없는,써지,컬,스틸,더블,링,슬링,목걸이
부드러운오가,닉,프리,라이너,팬티
고래,바다,비누,큐브,형
손,뜨,개,할로윈,랜드,키링,눈알,사탕,커버
유골,반려동물,사람,목걸이,우주,월,접수,월,완성
향샘,고체,향수
디자이너,웨딩,슈즈,안나,로지
깅엄체크,티셔츠,블루
급,화이트,오팔이,들어간,포인트,심플,링
베이직,심플,티비,장,겸,수납,선반,장
올라프,인형,꽃다발,학사모,졸업식,꽃다발
양면,원목,벽,시계,무브먼트,개
클로버,눈꽃,실버,반지
세,청,프릴,스커트
아코디언,카드,지갑,무료,이니,셜
이벤트,활용,성,양면,모기향,거치,대,캠핑
술,테이,너,커,스텀,미니어처,소,주병,스티커
크레파스,감성,컬러,일러스트
현관문,스티커,남편,남친,이벤트,레터,링,세트
시들지,않는,핑크,비누,꽃다발
랜덤,개,귀걸이,피어싱,아쿠아,볼
맨,투맨,커,스텀,케이스
오크,원목,이동식,행거
중,거즈,양면,플라워,키친,크로스,테이블,매트
은반지,플로우,웨이브,링
웨딩,피켓,피켓,자유,문구,주문,제작
원목,액자,일러스트,캐리커처,액자,커플
땡땡,미니,에코,백
셔링탑,후기,이벤트
하트,플라워,디,퓨저,인테리어,소품,집들이
주,문,폭주,체리,트,카드,지갑,동전지갑
고기,야,채테,린,오리,닭,안심,캥거루,조각,포장,봉봉,맘,화,식
클,렌즈,스무디,병,세트
실버,은침,미니,심플,호,마이카,가을,귀걸이
써지,컬,미니,크로스,남자,여자,체인,팔찌
메바몽,부드러운,강아지,매너,벨트
애플,워치,메탈,시계,줄,밴드,스트랩,쥬빌레,롤렉스,페이스
똑,딱,이형,심플,투명,카드,지갑
실버,별,무리,피어싱,실버,피어싱
무형,광,소,창,베개,옷,삶아,쓰는,베개,커버
사은,품,은반지
힐링,명상,시,그,니,처,블렌딩,아로마,캔들
각인,슬림,써지,컬,체인,팔찌
유화,그림,색,연가
체리,핑크,그린,블루,쿠션,슬리퍼,뮬
입점,자동,급,식기,원목,테이블,선반
리얼,무화과,향,바디,워시,파프리카,비누
부모님,생신,한약,보약,봉투,용돈,박스,이벤트
자수,극세사,블랭킷,북극곰,데이지
환갑,칠,순,팔,순,실속,파티,세트
실버,블랙,스피넬,천,연석,체인,반지
누가,봐,도약,파우치,방수,약,파우치,이름,자수
써지,컬,스틸,진주,마스크,스트랩,골드,실버
컵라면,패러디,스티커
발색,토끼,립밤
무,배써지,컬,컬러,달,문,라,잇,목걸이
플립,입고,파스텔,이니셜,폰,케이스,커플
라슈
글리터,클라우드,그립,스마트,톡
유기견,후원,락락,실,팔찌,실버,써지,컬,택
딥,컬러,다이어리,아이패드,태블릿,노트북,파우치
수분,영양,가득,리부팅,앰플
리,목공소,원목,핸드,캐리어,레드,파인,손,바구니
무료,포장,고급스러운,청첩장,액자
특,딱좋은,사이즈,크,안짝,안,실리콘,써지,컬,귀걸이
포메,스피츠,버즈,버즈,라이브,버즈,프로,에어팟,케이스
여리,여리,연연,핑크,믹스,조화,부케
끌,레드,호텔,침구,양면,지퍼,기본,구성,퀸
브라운,아스,토라,테디베어
내,손위,작은,튤립,천,연산,호석,매듭,팔찌
미술,도구,정리,함
스파게티,면,증정,고기,듬뿍,오므라이스,소스
로줄,초콜릿,월넛,커플,나,무시,계
회갑,산,수연,비누,꽃바구니
엘다,원목,셋탑박스,거실,장
자유,문,구오천만원,용돈,초,케이크,토퍼,용돈,토퍼
송이,튤립,꽃,풍선,반전,용돈
진주,스트랩,폰,케이스,스트랩,커,스텀
야,미그,라스,잘,자란,캣,그라스,화분
뚱보,털모자,석,방향,제
시간,소고기,장조림
큐티뽀짝,포토,전차,스
전국,무배,구름,키링,에어팟,케이스,커플,가방,자동,차차
포이즌,피어싱,귀걸이,귀,찌
단계,매운,맛,동인동,매운갈비찜
손,새김,달,에게,말,해,봐,수제,도장
무료,포장,탄생석,플로,르,명함,카드,지갑
부드러운,모,달,코튼,손수건
무료,배송,푸에블,로,미니,심플,반,지갑,남자친구,무료,각인
마르,카토,골프,화,겸용,휴먼
보자기,파우치,가지,색상
미니,라운드,동그라미,링,귀걸이,데,일리,심플
판매,굳지,않는,앙꼬,절편,개별,포장
찬,치트키,옥스포드,반,팔,셔츠
말차,에디,션,수분,보습,민감,성,트러블,얼티,메이트,로션
버즈,입고,하찮은,꼬마,공룡,에어팟,케이스,버즈,플러스,라이브
이니셜,웨딩,벨,라인,석고,방향,제
사선,셔츠,자켓,블랙
종,머랭,쿠키,제주
임신,축하,토퍼,꽃토퍼,생신,남편,부모님
수,제,네일,팁,곰돌이,엠보,키치
민감,성,트러블,진정,어성초,토너
목초액,비누
정성,담은,엄마,표,수제,우렁,강된장
베스트,강아지,인식표,목걸이
주문,제작,반려동물,양,모,펠트,전신,인형
멀,바,우,원목,서랍,사이드,테이블,화이트
예쁜,패턴,실용,만점,패,브릭,장,지갑
주문,제작,캔디,핑크,루즈,프릴,소,니아,원피스,맘앤,키즈
플립,가능,무,배러,블리,하트,투,그립,스마트,톡,케이스
무료,배송,종,각인,펜,시험
버즈,입고,행복한,해달,에어팟,버즈,케이스,프로,라이브
예약,할로윈데이,시즌,수제,캔디
체인,마스크,스트랩
캘리그라피,부적,탄대,박기원
라인,스톤,테니스,레이어,드,팔찌,발찌
퀄리,티보,장무,배,레이어,드,초,미니,실버,원,터치,링,귀걸이
써지,컬,우정,커플,각인,반지
아이폰,추가,무,배리,본,곰돌이,토끼,스마트,톡폰,케이스
오니,프,모양,진열,대
플립,폴드입,그린,애플,폰,케이스
마블링,유리,화병
요정,산타,소,가스,워머
에어로빅,곰,생리대,라이너,파우치
나무,묵주,팔찌
풀빛,농장,우리,아이,간장,불고기
인테리어,소품,타원형,사,각,발,매트
캠핑,불멍,콘크리트,에탄올,난로
다용,단,수납,장
레인보우,타이,업,크롭
벨,크로,스티치,로퍼
봄신,상,로,즈,골드,나비,귀걸이,귀,찌
어이없는,친구,탱크,젤,하드,카드,수납,아이폰,케이스
곰돌이,가죽,에어팟,케이스
오늘,만,말린,장미,색,로맨틱,레이스,생리대,파우치
하프,머니,백
무배,위,클리,드롭,귀걸이,귀,찌
강아지,피크닉,매트,세트,추가,디자인,입고
신상,천연,자개,명패,명함,꽂이
로,즈,로,즈,헤어,삔,고무줄
주,문,제,작,빈티,자작나무,거실,장
외국인,서울,오늘,담은,감성,컵홀더
옥,안,작,은정,원화,분,선반
플라워,가죽,마스크,스트랩,소,가죽,목걸이
밍,코인,방명록,결혼식,및,각종,행사
입점,기획전,모,듬,장아찌
월,은반지,와이드,웨이브,링
뭘보,냥,고양이,그립,스마트,톡폰,케이스
아르,벨,발,하나,되는,곤색,고트,죽로,퍼
짭짤하고,고소한,찹쌀,김,부각
두,줄,이어,커프,볼,이어,커프
말씀,캘리
체리,스플릿,엘머,스글루,올,베이스,크런치,용
홀로그램,하트,링,비즈,반지,하트,반지,주문,제작,우정,링
모브
플로,팅,보트,테이블
커,스텀,나,만의,애플,워치,갤럭시,워치,스트랩,주문,하기
달,체인,반지
대전,콩,부각,입문,세트,골고루,맛보기
리얼,빈티,하트,목걸이,오리,지날
코튼,플라워,원피스
편지지,써지,컬,각인,목걸이
에그,실크,볼,비누,블랙,헤드,모,공,관리
입점,우드,피크,목걸이,용,이니,셜,각인
돌,답례,품,집들이,친구,신혼,결혼,답례,품
데,일리,실버,골드,나비,귀걸이,피어싱
마르,카토,등장,식,슬립,온
제작,빠른,배송,답례,품내가,만든,조공,스티커
특수,부위,명태,껍질,조림,콜라겐,여왕,농부,반찬
플랩,에프,디,클락,더비
신고,뛸,수,있는,가벼운,착,화,감,스프링,힐
카페라떼,맛,강릉,커피,사탕,유기농,비정,제,설탕
하트,품은,다육,축전
미니,꽃다발,하기,좋은,프리져,브드,드라이,플라워
결혼,답례,품,수딩솝,어성초,비누,트러블,진정
실버,데,일리,심플,진주,목걸이
미니,백부,띠,가죽,가방
신상,어린이,복,주머니,출산
시골,농부,빵집,눅,천,연,발효,호밀,식빵,직접,재배
퍼,니,메이드,투데이,텀블러,백,드,링크,백,종
나,만의,우드,버즈,라이브,프로,하드,케이스
에센셜,조거,스웨,트,팬츠
건조,한코,시원하고,촉촉하게,청비,쿨밤,튜브,형
가슴,따뜻해지는,전,주식,콩나물,해장국,오징어
걱정,인형,ㅡ,파랑,머리,소녀
간편해서,더,맛있는,미숫가루,데,일리,팩
추선,돈,술술,나오는,반전,용돈,꽃다발
피부,먹는,보약,복합,성,탄력,강화,리프,팅,더톡스,로션
이태리,소,가죽,지폐,봉투
양각,철인,실,반지
쿨,바디,천연,비누
심플,카드,지갑,오렌지,옐로우
블랙,각인,써지,컬,커플링,우정,링,각인,반지
어린이집,유치원,개인,고리,수건,종,세트
센스,크로스,가방,끈
르뱅점보,쿠키,사이즈,업,가격,다운,박스,포장
실버,럭셔리,테니스,진주,팔찌
뽀드득,비누,반하다,솝,트리,주방,비누,종,세척제
자유,문구,꽃,토퍼
세번,째,직접,그린,동백꽃,부채,그림,소자,부채,킴
차르,들꽃,자수,연보,라,칠,부,저고리,블라우스,생활,한복
무배,진주,목걸이,하리보,테디베어,초,커,키치,쥬얼리
로,즈,뿜뿜,오프닝,미스트
우리말,텀블러,커플,부모님
이니셜,각인,슬림,반,지갑
갤럭시,버즈,프로,라이브,버킷,백,미니어처,가죽,케이스
내,일,마감,가을,특,대,용량,더치커피,콜드,브루,원,액
노단,새,리스
구김,반지
김장,철특,직접,키운전라도,김장,김치,젓갈,김장,김치
생화,꽃,투톤,오렌지,장미
간편,두툼,토퍼형,이불,ㅡ,블루
각인,무료,비건,가죽,카드,지갑
틸란시,아,테라,리움
카페,고양이,인식표,목걸이,가지,색상
물결,명함,카드,지갑
한복,비누
초,미니,진주,실리콘,피어싱,귀걸이
마스크,트러블,여드름,녹차,비누
여행,프레임,토퍼,모음
입점,화이트,마블,수은,네일,수제,네일,팁
스트링,파우치,터치,베베
까,멜,리아,방탄,젤,하드,샤무드,소프트,젤리,핸드폰,케이스
따뜻한,순간,담은,드로잉,패,브릭,포스터
투윈,레이디,싱글
탄생화,탁상,거울
주,문,미리,주셔,야해요,할로윈,비누
복조리,폰,가방
꿀,레몬,허니,레몬,솝
커,스텀,카톡,테마,여름밤
풍,성,블러,썸,앙금,플라워,떡케이크,맞춤,제작,서울
플,라싸,코스터,세트
유,쏘,풀,니,치,향수
각인,무료,베지터블,소,가죽,카드,지갑
워싱,광목,자수,쿠션,방석,커버
아리아,팔찌,미니,실버,파이프,종
데이지,마스크,목걸이,마스크,스트랩,마스크,체인
자유,문구,감성,디자인,차량,스티커
강아지,수제,간식,소간,육포,한우
아이폰,갤럭시,플립,하리보,스트랩,폰,케이스
로,즈,골드,뉴문,달,레이어,드,목걸이
어린이집,유치원,할로윈,귤,유령,호박,스티커
택배,큐브,레터,링,케이크,빠른,배송,레터,링,변경
미드나잇,라벤더,꿀잠
블랙,앤,골드,비즈,반지
설련,화,그리고,사랑,비취,매듭,팔찌
일,발송,베리,잼
니트,레터,링,사인
행복한,네이비,망돌,베어,인형
로지,레이스,여성,손목시계
감사할인,탄생화,일러스트,초상화

주년,일,주년,결혼,커플,토퍼
백,일,토,퍼첫돌토퍼,셀프,백일,소품,케이크,토퍼
필요한데가,어디,야,협탁,겸,이동식,테이블
입점,블루,꽃,안경,선글,케이스
별자리,써지,컬,스틸,팔찌
이갈이,엔,고소한,양,등뼈,껌
골덴,크로스,백
아기,입체,마스크,목걸이,형
여름,용,가족,마스크,코,와이어,삽입,필터,교체,형
터키석,단,묵주
데,일리,힐,플렛
빈티,원목,손잡이,박스
지루,성,지성,민트,샴푸,바
주문,폭주,소원,성취,실,팔찌,종,세트
까르페티앙,강아지,노,즈,워,크,담요,중형
차량,디,퓨져,원,톤
샵쏭,회사,로고,마스크,판박이,스티커,주문,제작

빈티,라이프,폰,케이스,보조,배터리,파우치
자체,제작,달콤한,기억,복숭아,디,퓨저
촌병,홍조,포공,영,비누
베스트,양념,꼬막,무침,비빔면
싱그러운,생명,담은,코레,정원,향수,센티,자
병,한정,요거트,전용,애플,망고,청,수,제청
구름,거품,입욕,제
환갑,칠,순,결혼기념일,돈,케이크,반전,용돈,박스
우드,벽장,식,선반
개성,있는,질감,반려동물,일러스트
수퍼,스피어

아름답,게로,즈
데이지,키즈,어린이,앞치마,가든
임상실험,완료,보습,바세린,풋밤,발각,질,제거,아,기발
nan
필수,기본,심플,라인,마스크,줄,마스크,스트랩
의성,농부,의성,마늘장아찌,제철,반찬
코드,프리미엄,수제,화
냉장고,인견,핑크,여름,이불,침구,세트
남녀,공용,커플,마스크,스트랩
세트,투하트,링,큐빅,팔찌,목걸이
월,일출,답례,품,구,움종,박스
돌아온,부둥부둥,크레용,캐리커쳐,드로잉
카멜,리,우드,터치,플랫
애플,워치,갤럭시,워치,스트랩,써지,컬,스텐,체인,스마일
오로라,볼,실리콘,써지,컬,피어싱,귀걸이
매일,담근,엄마,오이소박이,국내,산,고춧가루
기획,전정,품,와니,소,가죽,정장,구두
무배,실버,나뭇가지,프리,오픈,반지
꽃무드등,용돈,박스,부모님,반전,생신,돈,꽃다발
손,뜨,개,호랑이,키링,이니셜,휴대폰,줄,인형
워싱,린넨,블랙,치,큰,손가방
무배,봉봉,원,석,팔찌,발찌
정말,구수한,전라도,화순,청국장
무료,배송,레터,링,케이크,캔들
클래식,윙팁,브러쉬,다크,브라운,굿이어,웰트
시,루아,담음,종합,세트,구
데,일리,아쿠아마린,실버,원,석,목걸이
부,스트라이프,배앓이,방지,실내,복,인증,봄,여름
손,뜨,개인,형,아기자기,라마
브이넥,언,발,셔츠,스카이,블루
고소함,포텐,초유,담은,리얼,초유,껌
커플,무료,배송,커플룩,안아줘,포토,인형
체인,하트,볼,팔찌
언포겟,마카롱,맛,선택
금전,운,부르는,수경재배,필레,아,페페
대리석,플립,아이폰,폰,케이스,팝톡
감성,초상화,증명,그림,당신,분위기,담아,드려요
암,막,아,멜,리,캔버스,가리개,커튼
당,일,발송,욕조,없이,즐기는,아로마테라피,샤워,스티,머
가을,겨울,골드,레이스,진주,귀걸이
그린내,북유럽,뜨,개자수,쿠션,종,솜,포함
키링,증정,동물,친구,버즈,케이스,에어팟,톤,프리
색상,추가,강아지,스마트,톡
플,향기,향수
용돈,캔버스,꽃,골드
수면,팩,바이,탈수,면,팩,미백,주름,기능,성,제품
패치,트레이닝,팬츠
오일,파스텔,컬러링,튤립,밤,바다
웨딩,풍선,화동,풍선,신랑,신부,결혼,풍선,스냅,사진
반려동물,원목,행거,벌,수납,가능
슬림,스퀘어,컷,펌프스
커플,잠옷,반,팔긴,바지,자수,드로잉,이니,셜,각인
자연,숙성,밤꿀,비누
폭주,물드는,수채,꽃잎,목걸이
아기,고양이,스코티쉬폴드,차량,용,석,방향,제
후드,짚업
해바라기,닮은,거베,라,유리,돔
석,방향,제,리필,오일
빠른,배송,원하는,문구,졸업,기념,에코,백,가방
이름,무료,꽃,자수,책갈피,꽃갈피,무궁화
감동,반려동물,초상화,미니,젤
바나나
그려,낸,새벽,여,장미,에어팟,케이스,에어팟,프로,케이스
포토,사진,무드등,커플,집들이
가을,향기,소국,생화,꽃다발
개,세트,다름,샴푸,바트,리트,먼트,바
신상,찰랑찰랑,머릿결,헤어,미스트,트로피,칼,선셋
모랑,모랑,모닥불,무드등
고급,서양,난,비누,용돈,박스
성,수,수,제,화재,특,가세,일,스웨이드,펌프스
클리어,런스,트리플,라운드,넥,니트,스카이,블루
공룡,토,퍼생일토퍼,두,돌,첫돌,생일케이크,토퍼
추석,용돈,부모님,생신,현금,환갑,어버이,상장
무배,최저,맞춤,제,작가,랜드,여행,커플
마법,강아지,고양이,간식,연어,큐브
원목,황동,냅킨,꽂이,홀더
오구오구,내,새,꾸,유치원,가자,반려동물,일러스트
나,만의,감성,드로잉
새싹,이중,거즈,면,파자마,바지
토리,핸드폰,크로스,백
수제,네일,팁,러블,리,호피
포토,이니,셜,키링,자동차,홀더,에어팟,커플
스마일,링,피어싱,귀걸이,귀,찌
라이브,엣지,원목,스툴
끈,옵션,추가,재구매,많아요,가볍게,메는,미니,크로스,백
심플,일러스트
캐릭터,되고,싶은,반려동물,모여라
이름,자수,카드,지갑,필통,파우치
부케,말리기,부케,액자,유리,돔
후기,이벤트,마이,펫,이중생활,반려동물,일러스트
스니커즈,프리미엄,천연,소,가죽
외출
모카,앞치마
마가렛,책갈피,독서,모임,친구
참숯,비누,노폐물,딥,클렌,징
공룡,알,비누
빼빼로데이,빼빼로,캔들,무료,포장
월,예민,민감,피부,삼백초,티,트리,스틱
레트로,무궁화,케이스,버즈,에어팟,모든,종류,가능
하리보,젤리,케이,스키,링,레터,링,각인,플립
무배,자체,제작,단독,라일락,이어,커프
써지,컬,체인,터프,블랙,유니크,스트릿,더블,하트,목걸이
밀도,순면,베개,커버,블루,시리즈
사은,품,크리스탈,귀걸이
실버,개,한정,시트,린,반지
높은,보습,감천,연고,보습,로션,로즈마리,브로콜리,로션
커플,써지,컬,체인,커플,팔찌
커플,꽃,시들지,않는,무지개,장미,꽃다발
냄새,없이,쾌적하고,편한,천연,염색,날개,형,팬티
눈물,보장,나무,포토,편지지,주문,제작
레오,카드,지갑,슬림,형
지그재그,용돈,박스,과일,세트,용돈,봉투
담수,진주,실버,묵주,팔찌
단독,기능,성,업,사각팬티,버건디

롱,애착,인형
아기,코끼리,뿌우,에어팟,버즈,케이스
개,한정,증정,갈치,속,젓,수제,반찬,젓갈
캐럿,시,뮬럿,다이아,모,사,나이트,엘레나,귀걸이
생활,한복,나랏말싸미,철릭,원피스,블랙
지니,원,석,시계,블루
비누,챠콜가슬,비누
키링,증정,파스텔,버즈,케이스,에어팟,톤,프리
바닐라,멜,로우,진한,휘,낭시,종
신상,반려동물,강아지,고양이,아크릴,키링,열,쇠고리
주문,제작,베이지,린넨,소매,퍼프,블라우스,맘앤,키즈
월,무료,각인,후크,형,강아지,형,하네스,가슴,줄
의성,농부,시래기,된장,짜,글,반찬
퀼트,곰세마리,미니,카드,파우치
입점,꽃,찾는,나비
오픈,기념,귀걸이,귀,찌,랜덤,박스
더,동글동글,반려동물,얼굴,배경화면
에어팟,버즈,케이스,봄,토실이
벨,햇,보들보들,포근한,벨벳,모자
동백,꽃,귀걸이
개운한,마무리,편백,수제,비누
써지,컬,스틸,컬러,하트,피어싱
모던,한복,통,치마
천,연,파우더,노세,범,진정,유,분,케어,카밍,피니쉬,파우더
라,온,제나,밀랍,초티,라이트,개,유리,홀더
각인,멜트링
사랑,비누,반려견,탄산,스파,입욕,제
행운,고래,꼬리,두,줄,커플,팔찌
컬러,카드,케이스,폰,케이스,커플,그립
신제품,율무,수제,비누
홀,아몬드,쿠키
무배,열두달,써지,컬,별자리,탄생석,팔찌,목걸이
조카,예쁜,사과,가방
차량,용,메시지,각인,디,퓨저,주,차번호판
헤어,에센스,퍼퓸,오일
고양이,장난감,바스락,볼,낚시,리필
월,비타민,뿜뿜,저,알러지,양,등뼈,강아지,간식
베어,풋,몸,세미,샤워,장갑
목목,모과차,티백,차
대필,대신,써줘,손글씨
민트,자석,에어팟,프로,가죽,케이스
콘크리트,사,각,벽,시계
무배,귀걸이,개,만원,심플,데,일리,랜덤,박스,귀걸이,귀,찌
블르,옥스포드,화
그려,낸,밤,장미,그립,스마트,톡
곰돌이,필통
플라워,가든,결속,팔찌,결속,반지
아망드,쇼콜라
사진,인화,일러스트,원고지,감성,엽서,편지지,커플
수제,화,백,리스,뮬,블로퍼
스위즐,주,차번호판
레알,알탕종알,마니,얼,큰,알탕,맑은,알탕밀,키트,반찬
커피,조공,응원,캔커피,수제,캔커피,조공,음료,조공,커피
전,기,종,실물,포,근,체크,골드,톡폰,케이스
삼나무,멀티탭,정리,함
튤립,레터,링,폰,케이스,투명,톡,그립,아이폰,플립
멍뭉이,동전지갑,카드,지갑
하늘,궁전,셔츠
꽃차,하늘,바라기,유기농,메리,골드,꽃차
가죽,여권,케이스,각인,무료
박하,체크,에어팟,케이스
아크릴,센스,스틱,홀더
슬개골,예방,캥거루,갈비,강아지,간식
매력,적,유,칼립,메르,시,장미
마블,체인,스트랩,폰,케이스,아이폰,플립
소,가죽,에어팟,핑거,스트랩,임택
스틸,레토,리본,주름,펌프스
별,손,뜨,개,인형
어린이집,유치원,키즈,구,디,백,답례,품,어린이날
드로잉,용돈,박스,어버이날,결혼,부모님
로또,케이크,토퍼,주문,제작,생신,번호,숫자
포토,시계,무,소음
코모,레비,미니,화분,명함,꽂,원목,명함,꽂이
휴대폰,고리
땀,땀,무지개,소원,반지,매듭,끈,기부,후원,반지
갈대,리스,가을,가을,귀엽고,빈티,스러운,소품
소,가죽,여자,반,지갑
써지,컬,큐빅,자물쇠,유니크,목걸이
차량,용주,차번호판,액자
가을,체크,감성,테이블,보,캠핑,테이블,보
기획전,발,편한,캐,주얼,구두
아주,작고,다정한,별,있어,작,은별,팔찌
할로윈,과자,집,꾸미기
고화질,우드,포토,나무,액자,사진,인화,그림,제작
이애,그,널,롱,원피스,블랙
미국,케네디,은화,반지
애플,워치,스트랩,바레니,아,블랙,디,버클,밴드
코스모스,꽃갈피
이니,셜,드로잉,무,소음,벽,시계,집들이,교육,용
실버,빵빵,리본,반지
잔,가지,귀걸이
유행,기분
연휴,기간,병,한정,리얼,귤,시럽
라이트,플,리츠,양,가죽,로퍼
뽀글곰,슈트,아기,곰,겨울나기
누구,나,좋아하는단,짠단,짠,수제,간장,우엉,조림
단독,디자인,써지,컬,작가,반지,모음전,체인,반지
세상,단,하나,여행,토퍼,토퍼,주문,제작
스텔라,써지,컬,체인,목걸이
깜짝,주말,까지,천연,돈,장,육즙,톡,터지는,소시지
신제품,라이트닝,썬,캐,쳐
깐,귤,안,깐,귤,귤,박스,과일,귤,캔들,방향,제
연,색,마음,팔찌,발찌,전통,매듭,팔찌
파도치는,바다,벽,시계
가을,컬러,추가,네트,탱,글,백
특,스퀘어,토,더비,슈즈
드로잉,토퍼,액자,포장,집들이,결혼,커플
써지,컬,스틸,탄생화,꽃,목걸이
실버,라인,하트,피어싱,데,일리,세컨,너,컨츠
유자,스콘
폴리,토,소,가죽,로퍼,신,끈,타입,브라운
스티치,미니,카드,케이스
당일,발송,로지,웨딩,물방울,드롭,귀걸이
스퀘어,토,스트랩,샌들,블랙,그린

찰칵찰칵,사진기,지갑
돈,스테이크,풀빛,농장
달,목걸이
스마일,스트랩,체인,폰,케이스,플립,아이폰
자작나무,노트북,테이블
이벤트,중,레터,링,꽃,풍선,꽃,풍선,풍선,꽃,꽃다발
고양이,장난감,리필,롤리팝,나비,깃털
소프,테일,털복숭이,노트북,테블릿,파우치
폭주,키치,화이트,블,랑,하트,체인,스트랩,케이스
수능,주파,문구,세트
탄생화,반지,꽃,각인,반지,커플링,우정반지,써지,컬,스틸
월,할로윈,특집,반려동물,핸드폰,배경,무료,배송
이니셜,체크,베이비,슈트
플,로럴,프린트,랩,롱,원피스
우리,아이,사진,티셔츠,맞춤,티,아동복,단체,소량,제작
라라,롱,버터쿠키,큐브,레,목요일,지정,발송
급,에티오피아,화이트,오팔이,들어간,포인트,목걸이
가넷,단,묵주
싱그레,꽃집,러블리,초승달,조화,리스
얼굴,일러스트,인스타,명함
고양이,강아지,인식표,한가지,색
신상,미니,아코디언,파우치
재구매,율,속이,뻥,뚫리는,단,배추,물김치
입술,촉촉한,립밤데,일리,립,케어,밤
흑단,오닉스,팔찌
연애,버킷리스트,커플
뽑기,모양,추가,달고나,스마트,톡
루로,에어팟,케이스
슬림,주,차번호판,자동차
생활,한복,여름,용,허리,치마,그린
